ex_no,ki_a_nM,ki_b_nM,ic50_null_uM,ic50_wt_uM,provenance_file,provenance_sheet,provenance_row
300,0.38,nan,0.317,5.3,data/bronze/artifacts/2021_raw.xlsx,Table 19,3
301,1.22,nan,0.872,>10,data/bronze/artifacts/2021_raw.xlsx,Table 19,4
302,0.3,nan,0.359,>10,data/bronze/artifacts/2021_raw.xlsx,Table 19,5
303,0.01,nan,0.032,0.6,data/bronze/artifacts/2021_raw.xlsx,Table 19,6
304,0.11,nan,0.182,4.1,data/bronze/artifacts/2021_raw.xlsx,Table 19,7
305,15.1,nan,0.268,8.77,data/bronze/artifacts/2021_raw.xlsx,Table 19,8
306,0.76,nan,0.401,>10,data/bronze/artifacts/2021_raw.xlsx,Table 19,9
307,1.88,nan,0.349,7.66,data/bronze/artifacts/2021_raw.xlsx,Table 19,10
308,2.34,nan,0.62,>10,data/bronze/artifacts/2021_raw.xlsx,Table 19,11
309,2.35,nan,0.644,7.44,data/bronze/artifacts/2021_raw.xlsx,Table 19,12
310,0.29,nan,0.067,1.6,data/bronze/artifacts/2021_raw.xlsx,Table 19,13
311,0.21,nan,0.163,2.84,data/bronze/artifacts/2021_raw.xlsx,Table 19,14
312,0.36,nan,0.806,>10,data/bronze/artifacts/2021_raw.xlsx,Table 19,15
313,0.98,nan,0.902,>10,data/bronze/artifacts/2021_raw.xlsx,Table 19,16
314,0.35,nan,0.218,5.13,data/bronze/artifacts/2021_raw.xlsx,Table 19,17
315,0.25,nan,0.181,4.34,data/bronze/artifacts/2021_raw.xlsx,Table 19,18
316,1.03,nan,0.534,10.35,data/bronze/artifacts/2021_raw.xlsx,Table 19,19
317,0.56,nan,0.612,>10,data/bronze/artifacts/2021_raw.xlsx,Table 19,20
318,1.91,nan,0.952,>10,data/bronze/artifacts/2021_raw.xlsx,Table 19,21
319,nan,nan,0.168,4.23,data/bronze/artifacts/2021_raw.xlsx,Table 19,22
320,0.28,nan,0.079,3.48,data/bronze/artifacts/2021_raw.xlsx,Table 19,23
321,0.15,nan,0.288,>10,data/bronze/artifacts/2021_raw.xlsx,Table 19,24
322,1.09,nan,0.385,>10,data/bronze/artifacts/2021_raw.xlsx,Table 19,25
323,0.36,nan,0.159,5.01,data/bronze/artifacts/2021_raw.xlsx,Table 19,26
324,2,nan,0.849,>10,data/bronze/artifacts/2021_raw.xlsx,Table 19,27
325,2.76,nan,0.679,6.18,data/bronze/artifacts/2021_raw.xlsx,Table 19,28
326,0.16,nan,0.125,4.32,data/bronze/artifacts/2021_raw.xlsx,Table 19,29
327,0.35,nan,0.304,8.64,data/bronze/artifacts/2021_raw.xlsx,Table 19,30
328,0.41,nan,0.178,4.64,data/bronze/artifacts/2021_raw.xlsx,Table 19,31
329,0.13,nan,0.128,3.9,data/bronze/artifacts/2021_raw.xlsx,Table 19,32
330,1.87,nan,0.628,8.57,data/bronze/artifacts/2021_raw.xlsx,Table 19,33
331,0.13,nan,0.49,>10,data/bronze/artifacts/2021_raw.xlsx,Table 19,34
332,4.87,nan,0.479,5.14,data/bronze/artifacts/2021_raw.xlsx,Table 19,35
333,0.002,nan,0.027,0.72,data/bronze/artifacts/2021_raw.xlsx,Table 19,36
334,0.34,nan,0.434,>10,data/bronze/artifacts/2021_raw.xlsx,Table 19,37
335,0.73,nan,0.727,>10,data/bronze/artifacts/2021_raw.xlsx,Table 19,38
336,0.47,nan,0.4,>10,data/bronze/artifacts/2021_raw.xlsx,Table 19,39
337,0.39,nan,0.434,>10,data/bronze/artifacts/2021_raw.xlsx,Table 19,40
338,0.8,nan,0.232,>10,data/bronze/artifacts/2021_raw.xlsx,Table 19,41
339,nan,nan,0.405,>10,data/bronze/artifacts/2021_raw.xlsx,Table 19,42
340,1.39,nan,0.505,>10,data/bronze/artifacts/2021_raw.xlsx,Table 19,43
341,0.52,nan,0.437,>10,data/bronze/artifacts/2021_raw.xlsx,Table 19,44
342,2.72,nan,0.73,>10,data/bronze/artifacts/2021_raw.xlsx,Table 19,45
343,0.66,nan,0.104,2.83,data/bronze/artifacts/2021_raw.xlsx,Table 19,46
344,0.1,nan,0.073,1.8,data/bronze/artifacts/2021_raw.xlsx,Table 19,47
345,0.18,nan,0.123,4.05,data/bronze/artifacts/2021_raw.xlsx,Table 19,48
346,0.04,nan,0.081,1.58,data/bronze/artifacts/2021_raw.xlsx,Table 19,49
347,0.17,nan,0.168,6.2,data/bronze/artifacts/2021_raw.xlsx,Table 19,50
348,0.73,nan,0.413,>10,data/bronze/artifacts/2021_raw.xlsx,Table 19,51
349,0.02,nan,0.036,0.848,data/bronze/artifacts/2021_raw.xlsx,Table 19,52
350,0.56,nan,0.397,>10,data/bronze/artifacts/2021_raw.xlsx,Table 19,53
351,1.29,nan,0.824,>10,data/bronze/artifacts/2021_raw.xlsx,Table 19,54
352,0.14,nan,0.2,8.09,data/bronze/artifacts/2021_raw.xlsx,Table 19,55
353,0.02,nan,0.073,1.51,data/bronze/artifacts/2021_raw.xlsx,Table 19,56
354,0.29,nan,0.378,>10,data/bronze/artifacts/2021_raw.xlsx,Table 19,57
355,0.2,nan,0.159,3.35,data/bronze/artifacts/2021_raw.xlsx,Table 19,58
356,0.02,nan,0.035,0.801,data/bronze/artifacts/2021_raw.xlsx,Table 19,59
357,4.34,nan,0.385,7.05,data/bronze/artifacts/2021_raw.xlsx,Table 19,60
358,2.5,nan,0.053,137,data/bronze/artifacts/2021_raw.xlsx,Table 19,61
359,<0.1,nan,0.208,4.74,data/bronze/artifacts/2021_raw.xlsx,Table 19,62
360,0.08,nan,0.199,4.81,data/bronze/artifacts/2021_raw.xlsx,Table 19,63
361,2.1,nan,0.116,3.22,data/bronze/artifacts/2021_raw.xlsx,Table 19,64
362,0.11,nan,0.106,2.46,data/bronze/artifacts/2021_raw.xlsx,Table 19,65
363,0.2,nan,0.326,7.16,data/bronze/artifacts/2021_raw.xlsx,Table 19,66
364,0.18,nan,0.227,6.2,data/bronze/artifacts/2021_raw.xlsx,Table 19,67
365,0.42,nan,0.391,>10,data/bronze/artifacts/2021_raw.xlsx,Table 19,68
366,0.18,nan,0.218,7.01,data/bronze/artifacts/2021_raw.xlsx,Table 19,69
367,0.41,nan,0.282,>10,data/bronze/artifacts/2021_raw.xlsx,Table 19,70
368,0.14,nan,0.411,7.66,data/bronze/artifacts/2021_raw.xlsx,Table 19,71
369,0.17,nan,0.138,3.4,data/bronze/artifacts/2021_raw.xlsx,Table 19,72
370,0.79,nan,0.194,5.62,data/bronze/artifacts/2021_raw.xlsx,Table 19,73
371,0.01,nan,0.069,1.39,data/bronze/artifacts/2021_raw.xlsx,Table 19,74
372,0.33,nan,0.124,2.41,data/bronze/artifacts/2021_raw.xlsx,Table 19,75
373,0.03,nan,0.159,1.37,data/bronze/artifacts/2021_raw.xlsx,Table 19,76
374,0.48,nan,0.341,8.57,data/bronze/artifacts/2021_raw.xlsx,Table 19,77
375,0.87,nan,0.064,2.13,data/bronze/artifacts/2021_raw.xlsx,Table 19,78
376,0.02,nan,0.062,1.51,data/bronze/artifacts/2021_raw.xlsx,Table 19,79
377,0.07,nan,0.061,2.56,data/bronze/artifacts/2021_raw.xlsx,Table 19,80
378,0.04,nan,0.34,6.96,data/bronze/artifacts/2021_raw.xlsx,Table 19,81
379,0.89,nan,0.541,>10,data/bronze/artifacts/2021_raw.xlsx,Table 19,82
380,0.27,nan,0.079,1.67,data/bronze/artifacts/2021_raw.xlsx,Table 19,83
381,0.33,nan,0.194,8.97,data/bronze/artifacts/2021_raw.xlsx,Table 19,84
382,0.16,nan,0.278,9.68,data/bronze/artifacts/2021_raw.xlsx,Table 19,85
383,2.06,nan,0.434,5.32,data/bronze/artifacts/2021_raw.xlsx,Table 19,86
384,0.01,nan,0.177,5.1,data/bronze/artifacts/2021_raw.xlsx,Table 19,87
385,0.08,nan,0.055,1.31,data/bronze/artifacts/2021_raw.xlsx,Table 19,88
386,3.46,nan,0.241,3.83,data/bronze/artifacts/2021_raw.xlsx,Table 19,89
387,1.67,nan,0.884,>10,data/bronze/artifacts/2021_raw.xlsx,Table 19,90
388,0.15,nan,0.137,4.88,data/bronze/artifacts/2021_raw.xlsx,Table 19,91
389,0.37,nan,0.198,>10,data/bronze/artifacts/2021_raw.xlsx,Table 19,92
390,0.25,nan,0.023,0.46,data/bronze/artifacts/2021_raw.xlsx,Table 19,93
391,0.01,nan,0.165,4.8,data/bronze/artifacts/2021_raw.xlsx,Table 19,94
392,0.5,nan,0.193,6.86,data/bronze/artifacts/2021_raw.xlsx,Table 19,95
393,0.22,nan,0.342,8.21,data/bronze/artifacts/2021_raw.xlsx,Table 19,96
394,0.12,nan,0.384,>10,data/bronze/artifacts/2021_raw.xlsx,Table 19,97
395,0.16,nan,0.082,2.37,data/bronze/artifacts/2021_raw.xlsx,Table 19,98
396,0.27,nan,0.793,>10,data/bronze/artifacts/2021_raw.xlsx,Table 19,99
397,0.23,nan,0.286,7.96,data/bronze/artifacts/2021_raw.xlsx,Table 19,100
398,0.58,nan,0.247,4.78,data/bronze/artifacts/2021_raw.xlsx,Table 19,101
399,<0.1,nan,0.036,0.872,data/bronze/artifacts/2021_raw.xlsx,Table 19,102
400,0.05,nan,0.041,0.96,data/bronze/artifacts/2021_raw.xlsx,Table 19,103
401,0.08,nan,0.051,1.57,data/bronze/artifacts/2021_raw.xlsx,Table 19,104
402,0.04,nan,0.015,0.526,data/bronze/artifacts/2021_raw.xlsx,Table 19,105
403,0.55,nan,0.263,8.88,data/bronze/artifacts/2021_raw.xlsx,Table 19,106
404,1.68,nan,0.09,3.16,data/bronze/artifacts/2021_raw.xlsx,Table 19,107
405,0.03,nan,0.054,1.035,data/bronze/artifacts/2021_raw.xlsx,Table 19,108
406,0.47,nan,0.682,>10,data/bronze/artifacts/2021_raw.xlsx,Table 19,109
407,0.11,nan,0.291,>10,data/bronze/artifacts/2021_raw.xlsx,Table 19,110
408,0.13,nan,0.597,>10,data/bronze/artifacts/2021_raw.xlsx,Table 19,111
409,0.24,nan,0.692,>10,data/bronze/artifacts/2021_raw.xlsx,Table 19,112
410,0.04,nan,0.088,5.39,data/bronze/artifacts/2021_raw.xlsx,Table 19,113
411,0.22,nan,0.182,>10,data/bronze/artifacts/2021_raw.xlsx,Table 19,114
412,0.18,nan,0.123,4.05,data/bronze/artifacts/2021_raw.xlsx,Table 19,115
413,0.65,nan,0.655,>10,data/bronze/artifacts/2021_raw.xlsx,Table 19,116
414,0.3,nan,0.234,5.18,data/bronze/artifacts/2021_raw.xlsx,Table 19,117
415,0.54,nan,0.039,0.49,data/bronze/artifacts/2021_raw.xlsx,Table 19,118
416,0.17,nan,0.262,6.65,data/bronze/artifacts/2021_raw.xlsx,Table 19,119
417,0.33,nan,0.151,>10,data/bronze/artifacts/2021_raw.xlsx,Table 19,120
418,0.27,nan,0.5,>10,data/bronze/artifacts/2021_raw.xlsx,Table 19,121
419,0.16,nan,0.271,>10,data/bronze/artifacts/2021_raw.xlsx,Table 19,122
420,0.18,nan,0.225,3.45,data/bronze/artifacts/2021_raw.xlsx,Table 19,123
421,0.54,nan,0.056,1.13,data/bronze/artifacts/2021_raw.xlsx,Table 19,124
422,0.2,nan,0.36,>10,data/bronze/artifacts/2021_raw.xlsx,Table 19,125
423,0.07,nan,0.054,1.83,data/bronze/artifacts/2021_raw.xlsx,Table 19,126
424,0.61,nan,0.319,9.08,data/bronze/artifacts/2021_raw.xlsx,Table 19,127
425,0.68,nan,0.38,2.17,data/bronze/artifacts/2021_raw.xlsx,Table 19,128
426,0.47,nan,0.964,>10,data/bronze/artifacts/2021_raw.xlsx,Table 19,129
427,0.1,nan,0.151,4.25,data/bronze/artifacts/2021_raw.xlsx,Table 19,130
428,0.08,nan,0.188,3.68,data/bronze/artifacts/2021_raw.xlsx,Table 19,131
429,0.91,nan,0.039,0.607,data/bronze/artifacts/2021_raw.xlsx,Table 19,132
430,0.42,nan,0.506,>10,data/bronze/artifacts/2021_raw.xlsx,Table 19,133
431,0.07,nan,0.173,3.21,data/bronze/artifacts/2021_raw.xlsx,Table 19,134
432,0.57,nan,0.024,0.11,data/bronze/artifacts/2021_raw.xlsx,Table 19,135
433,1.26,nan,0.821,1.17,data/bronze/artifacts/2021_raw.xlsx,Table 19,136
434,<0.1,nan,0.049,2.42,data/bronze/artifacts/2021_raw.xlsx,Table 19,137
435,0.08,nan,0.066,3.28,data/bronze/artifacts/2021_raw.xlsx,Table 19,138
436,0.14,nan,0.198,3.72,data/bronze/artifacts/2021_raw.xlsx,Table 19,139
437,0.29,nan,0.076,1.35,data/bronze/artifacts/2021_raw.xlsx,Table 19,140
438,0.76,nan,0.368,8.79,data/bronze/artifacts/2021_raw.xlsx,Table 19,141
439,1.19,nan,0.344,>10,data/bronze/artifacts/2021_raw.xlsx,Table 19,142
440,<0.1,nan,0.038,0.69,data/bronze/artifacts/2021_raw.xlsx,Table 19,143
441,0.06,nan,0.107,2.81,data/bronze/artifacts/2021_raw.xlsx,Table 19,144
442,6.87,nan,0.969,>10,data/bronze/artifacts/2021_raw.xlsx,Table 19,145
443,0.2,nan,0.096,2.08,data/bronze/artifacts/2021_raw.xlsx,Table 19,146
444,0.15,nan,0.327,>10,data/bronze/artifacts/2021_raw.xlsx,Table 19,147
445,0.53,nan,0.549,>10,data/bronze/artifacts/2021_raw.xlsx,Table 19,148
446,0.04,nan,0.045,0.851,data/bronze/artifacts/2021_raw.xlsx,Table 19,149
447,5.51,nan,0.673,>10,data/bronze/artifacts/2021_raw.xlsx,Table 19,150
448,0.32,nan,0.238,5.23,data/bronze/artifacts/2021_raw.xlsx,Table 19,151
449,0.27,nan,0.168,5.9,data/bronze/artifacts/2021_raw.xlsx,Table 19,152
450,0.13,nan,0.045,2.02,data/bronze/artifacts/2021_raw.xlsx,Table 19,153
451,0.02,nan,0.013,0.232,data/bronze/artifacts/2021_raw.xlsx,Table 19,154
452,0.06,nan,0.022,0.48,data/bronze/artifacts/2021_raw.xlsx,Table 19,155
453,0.06,nan,0.065,1.72,data/bronze/artifacts/2021_raw.xlsx,Table 19,156
454,0.15,nan,0.252,3.94,data/bronze/artifacts/2021_raw.xlsx,Table 19,157
455,0.16,nan,0.1,2.94,data/bronze/artifacts/2021_raw.xlsx,Table 19,158
456,0.3,nan,0.039,0.816,data/bronze/artifacts/2021_raw.xlsx,Table 19,159
457,0.78,nan,0.717,>10,data/bronze/artifacts/2021_raw.xlsx,Table 19,160
458,0.84,nan,0.59,>10,data/bronze/artifacts/2021_raw.xlsx,Table 19,161
459,0.25,nan,0.078,2.34,data/bronze/artifacts/2021_raw.xlsx,Table 19,162
460,1.82,nan,0.155,7.85,data/bronze/artifacts/2021_raw.xlsx,Table 19,163
461,1.23,nan,0.322,7.78,data/bronze/artifacts/2021_raw.xlsx,Table 19,164
462,0.29,nan,0.349,>10,data/bronze/artifacts/2021_raw.xlsx,Table 19,165
463,1.23,nan,0.683,>10,data/bronze/artifacts/2021_raw.xlsx,Table 19,166
464,0.1,nan,0.071,1.51,data/bronze/artifacts/2021_raw.xlsx,Table 19,167
465,<0.1,nan,0.024,0.508,data/bronze/artifacts/2021_raw.xlsx,Table 19,168
466,0.13,nan,0.269,4.27,data/bronze/artifacts/2021_raw.xlsx,Table 19,169
467,0.21,nan,0.028,0.248,data/bronze/artifacts/2021_raw.xlsx,Table 19,170
468,<0.1,nan,0.034,0.853,data/bronze/artifacts/2021_raw.xlsx,Table 19,171
469,0.03,nan,0.033,0.592,data/bronze/artifacts/2021_raw.xlsx,Table 19,172
470,0.09,nan,0.093,2.21,data/bronze/artifacts/2021_raw.xlsx,Table 19,173
471,0.11,nan,0.101,3.11,data/bronze/artifacts/2021_raw.xlsx,Table 19,174
472,1.04,nan,0.889,>10,data/bronze/artifacts/2021_raw.xlsx,Table 19,175
473,0.17,nan,0.302,5.11,data/bronze/artifacts/2021_raw.xlsx,Table 19,176
474,0.04,nan,0.088,3.27,data/bronze/artifacts/2021_raw.xlsx,Table 19,177
475,0.07,nan,0.268,4.46,data/bronze/artifacts/2021_raw.xlsx,Table 19,178
476,0.83,nan,0.66,>10,data/bronze/artifacts/2021_raw.xlsx,Table 19,179
477,0.11,nan,0.195,5.64,data/bronze/artifacts/2021_raw.xlsx,Table 19,180
478,0.31,nan,0.594,>10,data/bronze/artifacts/2021_raw.xlsx,Table 19,181
479,0.09,nan,0.06,1.22,data/bronze/artifacts/2021_raw.xlsx,Table 19,182
480,1.49,nan,0.369,1.46,data/bronze/artifacts/2021_raw.xlsx,Table 19,183
481,0.18,nan,0.225,4.45,data/bronze/artifacts/2021_raw.xlsx,Table 19,184
482,0.1,nan,0.106,4.32,data/bronze/artifacts/2021_raw.xlsx,Table 19,185
483,1.02,nan,0.515,>10,data/bronze/artifacts/2021_raw.xlsx,Table 19,186
484,0.11,nan,0.059,2.33,data/bronze/artifacts/2021_raw.xlsx,Table 19,187
485,3.53,nan,0.734,4.68,data/bronze/artifacts/2021_raw.xlsx,Table 19,188
486,0.42,nan,0.123,3.83,data/bronze/artifacts/2021_raw.xlsx,Table 19,189
487,0.04,nan,0.026,0.73,data/bronze/artifacts/2021_raw.xlsx,Table 19,190
488,0.1,nan,0.035,1.28,data/bronze/artifacts/2021_raw.xlsx,Table 19,191
489,0.06,nan,0.027,0.67,data/bronze/artifacts/2021_raw.xlsx,Table 19,192
490,1.01,nan,0.44,>10,data/bronze/artifacts/2021_raw.xlsx,Table 19,193
491,0.1,nan,0.061,1.27,data/bronze/artifacts/2021_raw.xlsx,Table 19,194
492,0.22,nan,0.175,3.39,data/bronze/artifacts/2021_raw.xlsx,Table 19,195
493,0.26,nan,0.146,4.08,data/bronze/artifacts/2021_raw.xlsx,Table 19,196
494,0.66,nan,0.194,5.42,data/bronze/artifacts/2021_raw.xlsx,Table 19,197
495,0.06,nan,0.086,3.17,data/bronze/artifacts/2021_raw.xlsx,Table 19,198
496,0.17,nan,0.023,0.462,data/bronze/artifacts/2021_raw.xlsx,Table 19,199
497,0.19,nan,0.035,0.462,data/bronze/artifacts/2021_raw.xlsx,Table 19,200
498,2.43,nan,0.459,2.03,data/bronze/artifacts/2021_raw.xlsx,Table 19,201
499,0.18,nan,0.251,>10,data/bronze/artifacts/2021_raw.xlsx,Table 19,202
500,0.52,nan,0.187,4.59,data/bronze/artifacts/2021_raw.xlsx,Table 19,203
501,0.02,nan,0.107,5.92,data/bronze/artifacts/2021_raw.xlsx,Table 19,204
502,0.06,nan,0.109,3.26,data/bronze/artifacts/2021_raw.xlsx,Table 19,205
503,0.06,nan,0.026,0.68,data/bronze/artifacts/2021_raw.xlsx,Table 19,206
504,0.05,nan,0.049,1.36,data/bronze/artifacts/2021_raw.xlsx,Table 19,207
505,2.51,nan,0.765,10.3,data/bronze/artifacts/2021_raw.xlsx,Table 19,208
506,0.01,nan,0.107,1.16,data/bronze/artifacts/2021_raw.xlsx,Table 19,209
507,0.15,nan,0.046,0.913,data/bronze/artifacts/2021_raw.xlsx,Table 19,210
508,0.73,nan,0.056,1.7,data/bronze/artifacts/2021_raw.xlsx,Table 19,211
509,0.13,nan,0.137,4.12,data/bronze/artifacts/2021_raw.xlsx,Table 19,212
510,0.32,nan,0.07,1.91,data/bronze/artifacts/2021_raw.xlsx,Table 19,213
511,0.14,nan,0.192,2.34,data/bronze/artifacts/2021_raw.xlsx,Table 19,214
512,0.13,nan,0.121,3.1,data/bronze/artifacts/2021_raw.xlsx,Table 19,215
513,2.61,nan,0.552,>10,data/bronze/artifacts/2021_raw.xlsx,Table 19,216
514,0.002,nan,0.028,0.625,data/bronze/artifacts/2021_raw.xlsx,Table 19,217
515,0.02,nan,0.023,0.48,data/bronze/artifacts/2021_raw.xlsx,Table 19,218
516,0.14,nan,0.155,3.64,data/bronze/artifacts/2021_raw.xlsx,Table 19,219
517,0.07,nan,0.073,4,data/bronze/artifacts/2021_raw.xlsx,Table 19,220
518,0.11,nan,0.047,0.851,data/bronze/artifacts/2021_raw.xlsx,Table 19,221
519,0.13,nan,0.062,1.705,data/bronze/artifacts/2021_raw.xlsx,Table 19,222
520,0.04,nan,0.024,0.737,data/bronze/artifacts/2021_raw.xlsx,Table 19,223
521,0.01,nan,0.012,0.078,data/bronze/artifacts/2021_raw.xlsx,Table 19,224
522,49.9,nan,0.868,5.57,data/bronze/artifacts/2021_raw.xlsx,Table 19,225
523,0.35,nan,0.334,6.38,data/bronze/artifacts/2021_raw.xlsx,Table 19,226
524,nan,nan,0.135,2.35,data/bronze/artifacts/2021_raw.xlsx,Table 19,227
525,0.23,nan,0.598,7.61,data/bronze/artifacts/2021_raw.xlsx,Table 19,228
526,0.33,nan,0.323,>10,data/bronze/artifacts/2021_raw.xlsx,Table 19,229
527,0.05,nan,0.01,0.142,data/bronze/artifacts/2021_raw.xlsx,Table 19,230
528,0.14,nan,0.058,0.899,data/bronze/artifacts/2021_raw.xlsx,Table 19,231
529,1.69,nan,0.258,4.24,data/bronze/artifacts/2021_raw.xlsx,Table 19,232
530,0.18,nan,0.108,1.71,data/bronze/artifacts/2021_raw.xlsx,Table 19,233
531,0.1,nan,0.078,2.83,data/bronze/artifacts/2021_raw.xlsx,Table 19,234
532,0.02,nan,0.045,0.894,data/bronze/artifacts/2021_raw.xlsx,Table 19,235
533,0.02,nan,0.019,0.755,data/bronze/artifacts/2021_raw.xlsx,Table 19,236
534,0.33,nan,0.154,4.02,data/bronze/artifacts/2021_raw.xlsx,Table 19,237
535,0.34,nan,0.552,>10,data/bronze/artifacts/2021_raw.xlsx,Table 19,238
536,0.02,nan,0.044,1.46,data/bronze/artifacts/2021_raw.xlsx,Table 19,239
537,0.51,nan,0.701,5.96,data/bronze/artifacts/2021_raw.xlsx,Table 19,240
538,0.68,nan,0.732,>10,data/bronze/artifacts/2021_raw.xlsx,Table 19,241
539,0.12,nan,0.328,7.01,data/bronze/artifacts/2021_raw.xlsx,Table 19,242
540,0.17,nan,0.194,6.27,data/bronze/artifacts/2021_raw.xlsx,Table 19,243
541,0.13,nan,0.198,4.14,data/bronze/artifacts/2021_raw.xlsx,Table 19,244
542,0.12,nan,0.11,4.18,data/bronze/artifacts/2021_raw.xlsx,Table 19,245
543,0.59,nan,0.568,>10,data/bronze/artifacts/2021_raw.xlsx,Table 19,246
544,0.08,nan,0.021,0.723,data/bronze/artifacts/2021_raw.xlsx,Table 19,247
545,0.41,nan,0.032,0.478,data/bronze/artifacts/2021_raw.xlsx,Table 19,248
546,1.09,nan,0.262,4.39,data/bronze/artifacts/2021_raw.xlsx,Table 19,249
547,0.02,nan,0.019,0.443,data/bronze/artifacts/2021_raw.xlsx,Table 19,250
548,0.1,nan,0.088,2.08,data/bronze/artifacts/2021_raw.xlsx,Table 19,251
549,0.07,nan,0.275,5.09,data/bronze/artifacts/2021_raw.xlsx,Table 19,252
550,0.14,nan,0.199,5.93,data/bronze/artifacts/2021_raw.xlsx,Table 19,253
551,0.14,nan,0.021,0.634,data/bronze/artifacts/2021_raw.xlsx,Table 19,254
552,0.32,nan,0.22,2.55,data/bronze/artifacts/2021_raw.xlsx,Table 19,255
553,0.36,nan,0.454,>10,data/bronze/artifacts/2021_raw.xlsx,Table 19,256
554,0.07,nan,0.122,4.28,data/bronze/artifacts/2021_raw.xlsx,Table 19,257
555,0.07,nan,0.125,3.82,data/bronze/artifacts/2021_raw.xlsx,Table 19,258
556,4.1,nan,0.342,10.1,data/bronze/artifacts/2021_raw.xlsx,Table 19,259
557,0.18,nan,0.042,1.73,data/bronze/artifacts/2021_raw.xlsx,Table 19,260
558,0.08,nan,0.038,1.3,data/bronze/artifacts/2021_raw.xlsx,Table 19,261
559,0.07,nan,0.147,2.19,data/bronze/artifacts/2021_raw.xlsx,Table 19,262
560,0.2,nan,0.623,>10,data/bronze/artifacts/2021_raw.xlsx,Table 19,263
561,0.3,nan,0.895,>10,data/bronze/artifacts/2021_raw.xlsx,Table 19,264
562,nan,3.76,0.455,>1,data/bronze/artifacts/2021_raw.xlsx,Table 19,265
563,nan,nan,0.165,>1,data/bronze/artifacts/2021_raw.xlsx,Table 19,266
564,nan,nan,0.102,>1,data/bronze/artifacts/2021_raw.xlsx,Table 19,267
565,nan,2.77,0.094,3.49,data/bronze/artifacts/2021_raw.xlsx,Table 19,268
566,nan,4.58,0.277,>10,data/bronze/artifacts/2021_raw.xlsx,Table 19,269
567,nan,4.44,0.103,>1,data/bronze/artifacts/2021_raw.xlsx,Table 19,270
568,nan,2.-2,0.13,5.55,data/bronze/artifacts/2021_raw.xlsx,Table 19,271
569,nan,nan,0.331,7.16,data/bronze/artifacts/2021_raw.xlsx,Table 19,272
570,nan,2.39,0.343,>10,data/bronze/artifacts/2021_raw.xlsx,Table 19,273
571,nan,nan,0.202,>1,data/bronze/artifacts/2021_raw.xlsx,Table 19,274
572,nan,3.48,0.608,>10,data/bronze/artifacts/2021_raw.xlsx,Table 19,275
573,nan,nan,0.76,>1,data/bronze/artifacts/2021_raw.xlsx,Table 19,276
574,nan,nan,0.49,>1,data/bronze/artifacts/2021_raw.xlsx,Table 19,277
575,nan,2.89,0.078,>1,data/bronze/artifacts/2021_raw.xlsx,Table 19,278
576,nan,5.89,0.749,>10,data/bronze/artifacts/2021_raw.xlsx,Table 19,279
577,nan,3.89,0.159,6.65,data/bronze/artifacts/2021_raw.xlsx,Table 19,280
578,nan,15.4,0.859,5.09,data/bronze/artifacts/2021_raw.xlsx,Table 19,281
579,nan,,0.095,>1,data/bronze/artifacts/2021_raw.xlsx,Table 19,282
580,nan,2.24,0.11,5.6,data/bronze/artifacts/2021_raw.xlsx,Table 19,283
581,nan,16,0.84,>1,data/bronze/artifacts/2021_raw.xlsx,Table 19,284
582,nan,nan,0.49,>1,data/bronze/artifacts/2021_raw.xlsx,Table 19,285
583,nan,nan,0.14,>1,data/bronze/artifacts/2021_raw.xlsx,Table 19,286
584,nan,nan,0.29,>1,data/bronze/artifacts/2021_raw.xlsx,Table 19,287
585,nan,nan,0.58,11,data/bronze/artifacts/2021_raw.xlsx,Table 19,288
586,nan,nan,0.344,5.55,data/bronze/artifacts/2021_raw.xlsx,Table 19,289
587,nan,nan,0.807,0.404,data/bronze/artifacts/2021_raw.xlsx,Table 19,290
588,nan,nan,0.76,>1,data/bronze/artifacts/2021_raw.xlsx,Table 19,291
589,nan,nan,0.549,>1,data/bronze/artifacts/2021_raw.xlsx,Table 19,292
590,nan,14.9,0.921,6.8,data/bronze/artifacts/2021_raw.xlsx,Table 19,293
591,nan,16.5,0.456,>1,data/bronze/artifacts/2021_raw.xlsx,Table 19,294
592,nan,2-.9,0.407,>1,data/bronze/artifacts/2021_raw.xlsx,Table 19,295
593,nan,13.2,0.185,>1,data/bronze/artifacts/2021_raw.xlsx,Table 19,296
594,nan,26,0.64,>1,data/bronze/artifacts/2021_raw.xlsx,Table 19,297
595,nan,21.5,0.99,8.2,data/bronze/artifacts/2021_raw.xlsx,Table 19,298
596,nan,17.1,0.352,>10,data/bronze/artifacts/2021_raw.xlsx,Table 19,299
597,nan,6.35,0.3,>1,data/bronze/artifacts/2021_raw.xlsx,Table 19,300
598,nan,2.44,0.18,>1,data/bronze/artifacts/2021_raw.xlsx,Table 19,301
599,nan,3.12,0.28,>1,data/bronze/artifacts/2021_raw.xlsx,Table 19,302
600,nan,1.83,0.044,>1,data/bronze/artifacts/2021_raw.xlsx,Table 19,303
601,nan,1.78,0.038,0.82,data/bronze/artifacts/2021_raw.xlsx,Table 19,304
602,nan,7.26,0.085,>1,data/bronze/artifacts/2021_raw.xlsx,Table 19,305
603,nan,23.7,0.317,>1.5,data/bronze/artifacts/2021_raw.xlsx,Table 19,306
604,nan,5.46,0.044,0.4,data/bronze/artifacts/2021_raw.xlsx,Table 19,307
605,nan,6.2,0.145,>1.3,data/bronze/artifacts/2021_raw.xlsx,Table 19,308
606,nan,2.9,0.027,0.28,data/bronze/artifacts/2021_raw.xlsx,Table 19,309
607,nan,7.26,0.37,>3.2,data/bronze/artifacts/2021_raw.xlsx,Table 19,310
608,nan,5.26,0.4,>1,data/bronze/artifacts/2021_raw.xlsx,Table 19,311
609,nan,26.8,0.54,>1,data/bronze/artifacts/2021_raw.xlsx,Table 19,312
610,nan,9.6,0.54,>1,data/bronze/artifacts/2021_raw.xlsx,Table 19,313
611,nan,3.-7,0.07,>1,data/bronze/artifacts/2021_raw.xlsx,Table 19,314
612,nan,7.56,0.34,>1,data/bronze/artifacts/2021_raw.xlsx,Table 19,315
613,nan,4.35,0.269,3.9,data/bronze/artifacts/2021_raw.xlsx,Table 19,316
614,nan,9.42,0.95,>1,data/bronze/artifacts/2021_raw.xlsx,Table 19,317
615,nan,1.62,0.276,3.5,data/bronze/artifacts/2021_raw.xlsx,Table 19,318
616,nan,3.29,0.32,>1,data/bronze/artifacts/2021_raw.xlsx,Table 19,319
617,nan,1.72,0.286,>1,data/bronze/artifacts/2021_raw.xlsx,Table 19,320
618,nan,1.59,0.055,1.4,data/bronze/artifacts/2021_raw.xlsx,Table 19,321
619,nan,1.87,0.128,1.3,data/bronze/artifacts/2021_raw.xlsx,Table 19,322
620,nan,1.83,0.1,>1,data/bronze/artifacts/2021_raw.xlsx,Table 19,323
621,nan,3.97,0.133,>1,data/bronze/artifacts/2021_raw.xlsx,Table 19,324
622,nan,1.98,0.13,>1,data/bronze/artifacts/2021_raw.xlsx,Table 19,325
623,nan,3.14,0.056,0.9,data/bronze/artifacts/2021_raw.xlsx,Table 19,326
624,nan,5.19,0.187,>1,data/bronze/artifacts/2021_raw.xlsx,Table 19,327
625,nan,1.99,0.18,nan,data/bronze/artifacts/2021_raw.xlsx,Table 19,328
626,nan,42.7,nan,nan,data/bronze/artifacts/2021_raw.xlsx,Table 19,329
627,nan,2.8,0.36,nan,data/bronze/artifacts/2021_raw.xlsx,Table 19,330
628,nan,3.-4,0.053,0.44,data/bronze/artifacts/2021_raw.xlsx,Table 19,331
629,nan,5.93,0.77,nan,data/bronze/artifacts/2021_raw.xlsx,Table 19,332
630,nan,4.58,0.033,nan,data/bronze/artifacts/2021_raw.xlsx,Table 19,333
631,nan,7.14,0.028,nan,data/bronze/artifacts/2021_raw.xlsx,Table 19,334
632,nan,5.3,0.34,nan,data/bronze/artifacts/2021_raw.xlsx,Table 19,335
633,nan,4.8,0.33,nan,data/bronze/artifacts/2021_raw.xlsx,Table 19,336
634,nan,6.84,0.93,nan,data/bronze/artifacts/2021_raw.xlsx,Table 19,337
635,nan,1.29,0.018,nan,data/bronze/artifacts/2021_raw.xlsx,Table 19,338
636,nan,2.3,0.89,nan,data/bronze/artifacts/2021_raw.xlsx,Table 19,339
637,nan,5.2,>1,nan,data/bronze/artifacts/2021_raw.xlsx,Table 19,340
638,nan,1.9,0.2,nan,data/bronze/artifacts/2021_raw.xlsx,Table 19,341
639,nan,12.2,0.58,nan,data/bronze/artifacts/2021_raw.xlsx,Table 19,342
640,nan,14.1,0.73,nan,data/bronze/artifacts/2021_raw.xlsx,Table 19,343
641,nan,13.1,0.92,nan,data/bronze/artifacts/2021_raw.xlsx,Table 19,344
642,nan,2.55,0.086,nan,data/bronze/artifacts/2021_raw.xlsx,Table 19,345
643,nan,39.6,nan,nan,data/bronze/artifacts/2021_raw.xlsx,Table 19,346
644,nan,29.3,nan,nan,data/bronze/artifacts/2021_raw.xlsx,Table 19,347
645,nan,5.93,>1,nan,data/bronze/artifacts/2021_raw.xlsx,Table 19,348
646,nan,6.83,0.85,nan,data/bronze/artifacts/2021_raw.xlsx,Table 19,349
647,nan,4.11,0.32,nan,data/bronze/artifacts/2021_raw.xlsx,Table 19,350
648,nan,1.68,0.18,nan,data/bronze/artifacts/2021_raw.xlsx,Table 19,351
649,nan,2.69,0.31,nan,data/bronze/artifacts/2021_raw.xlsx,Table 19,352
650,nan,2.21,0.37,nan,data/bronze/artifacts/2021_raw.xlsx,Table 19,353
651,nan,3.-9,0.31,nan,data/bronze/artifacts/2021_raw.xlsx,Table 19,354
652,nan,3.-7,0.16,nan,data/bronze/artifacts/2021_raw.xlsx,Table 19,355
653,nan,2.79,0.28,nan,data/bronze/artifacts/2021_raw.xlsx,Table 19,356
654,nan,5.61,0.25,nan,data/bronze/artifacts/2021_raw.xlsx,Table 19,357
655,nan,4.-9,0.55,nan,data/bronze/artifacts/2021_raw.xlsx,Table 19,358
656,nan,5.28,0.21,nan,data/bronze/artifacts/2021_raw.xlsx,Table 19,359
657,nan,5.34,0.62,nan,data/bronze/artifacts/2021_raw.xlsx,Table 19,360
658,nan,12.6,nan,nan,data/bronze/artifacts/2021_raw.xlsx,Table 19,361
659,nan,4.33,0.251,nan,data/bronze/artifacts/2021_raw.xlsx,Table 19,362
660,nan,7.14,0.8,nan,data/bronze/artifacts/2021_raw.xlsx,Table 19,363
661,nan,1.81,0.069,nan,data/bronze/artifacts/2021_raw.xlsx,Table 19,364
662,nan,3.58,0.18,nan,data/bronze/artifacts/2021_raw.xlsx,Table 19,365
663,nan,1.7,0.037,nan,data/bronze/artifacts/2021_raw.xlsx,Table 19,366
664,nan,9.1,0.67,nan,data/bronze/artifacts/2021_raw.xlsx,Table 19,367
665,nan,9.17,0.68,nan,data/bronze/artifacts/2021_raw.xlsx,Table 19,368
666,nan,3.93,0.041,nan,data/bronze/artifacts/2021_raw.xlsx,Table 19,369
667,nan,3.9,0.024,nan,data/bronze/artifacts/2021_raw.xlsx,Table 19,370
668,nan,4.69,0.27,>1,data/bronze/artifacts/2021_raw.xlsx,Table 19,371
669,nan,8.5,0.82,nan,data/bronze/artifacts/2021_raw.xlsx,Table 19,372
670,nan,5.15,0.86,nan,data/bronze/artifacts/2021_raw.xlsx,Table 19,373
671,nan,6.82,0.18,nan,data/bronze/artifacts/2021_raw.xlsx,Table 19,374
672,nan,5.56,0.404,>1,data/bronze/artifacts/2021_raw.xlsx,Table 19,375
673,nan,5.32,0.095,nan,data/bronze/artifacts/2021_raw.xlsx,Table 19,376
674,nan,15.3,0.51,nan,data/bronze/artifacts/2021_raw.xlsx,Table 19,377
675,nan,5.-4,0.232,>1,data/bronze/artifacts/2021_raw.xlsx,Table 19,378
676,nan,3.88,0.255,>1,data/bronze/artifacts/2021_raw.xlsx,Table 19,379
677,nan,9.37,0.95,nan,data/bronze/artifacts/2021_raw.xlsx,Table 19,380
678,nan,5.57,0.5,nan,data/bronze/artifacts/2021_raw.xlsx,Table 19,381
679,nan,36.8,nan,nan,data/bronze/artifacts/2021_raw.xlsx,Table 19,382
680,nan,1.76,0.157,7.7,data/bronze/artifacts/2021_raw.xlsx,Table 19,383
681,nan,4.87,0.24,nan,data/bronze/artifacts/2021_raw.xlsx,Table 19,384
682,nan,23,nan,nan,data/bronze/artifacts/2021_raw.xlsx,Table 19,385
683,nan,4.29,0.297,>1,data/bronze/artifacts/2021_raw.xlsx,Table 19,386
684,nan,2.29,0.114,>1,data/bronze/artifacts/2021_raw.xlsx,Table 19,387
685,nan,1.22,0.051,nan,data/bronze/artifacts/2021_raw.xlsx,Table 19,388
686,nan,5.12,0.59,nan,data/bronze/artifacts/2021_raw.xlsx,Table 19,389
687,nan,1.56,0.11,nan,data/bronze/artifacts/2021_raw.xlsx,Table 19,390
688,nan,1.41,0.24,nan,data/bronze/artifacts/2021_raw.xlsx,Table 19,391
689,nan,2.94,0.33,nan,data/bronze/artifacts/2021_raw.xlsx,Table 19,392
690,nan,1.68,0.094,nan,data/bronze/artifacts/2021_raw.xlsx,Table 19,393
691,nan,3.51,0.52,nan,data/bronze/artifacts/2021_raw.xlsx,Table 19,394
692,nan,1-.7,>1,nan,data/bronze/artifacts/2021_raw.xlsx,Table 19,395
693,nan,6.14,0.097,nan,data/bronze/artifacts/2021_raw.xlsx,Table 19,396
694,nan,5.62,0.224,8.6,data/bronze/artifacts/2021_raw.xlsx,Table 19,397
695,nan,6.3,0.76,nan,data/bronze/artifacts/2021_raw.xlsx,Table 19,398
696,nan,2.19,0.2,nan,data/bronze/artifacts/2021_raw.xlsx,Table 19,399
697,nan,36.5,nan,nan,data/bronze/artifacts/2021_raw.xlsx,Table 19,400
698,nan,36.4,nan,nan,data/bronze/artifacts/2021_raw.xlsx,Table 19,401
699,nan,3.86,0.05,>1,data/bronze/artifacts/2021_raw.xlsx,Table 19,402
700,nan,38.1,nan,nan,data/bronze/artifacts/2021_raw.xlsx,Table 19,403
701,nan,37.2,nan,nan,data/bronze/artifacts/2021_raw.xlsx,Table 19,404
702,nan,5.12,0.046,0.56,data/bronze/artifacts/2021_raw.xlsx,Table 19,405
703,nan,5.62,0.222,2.3,data/bronze/artifacts/2021_raw.xlsx,Table 19,406
704,nan,25.1,0.08,>1,data/bronze/artifacts/2021_raw.xlsx,Table 19,407
705,nan,9.63,0.76,>1,data/bronze/artifacts/2021_raw.xlsx,Table 19,408
706,nan,31,nan,nan,data/bronze/artifacts/2021_raw.xlsx,Table 19,409
708,nan,2.79,0.155,>1,data/bronze/artifacts/2021_raw.xlsx,Table 19,410
709,nan,2.97,0.334,1.43,data/bronze/artifacts/2021_raw.xlsx,Table 19,411
710,nan,4.13,0.177,1.14,data/bronze/artifacts/2021_raw.xlsx,Table 19,412
711,nan,nan,0.279,9.78,data/bronze/artifacts/2021_raw.xlsx,Table 19,413
724,nan,nan,0.136,>1,data/bronze/artifacts/2021_raw.xlsx,Table 19,414
725,nan,nan,0.252,>1,data/bronze/artifacts/2021_raw.xlsx,Table 19,415
726,nan,nan,0.313,>1,data/bronze/artifacts/2021_raw.xlsx,Table 19,416
727,nan,nan,0.256,>1,data/bronze/artifacts/2021_raw.xlsx,Table 19,417
728,nan,nan,0.264,6.81,data/bronze/artifacts/2021_raw.xlsx,Table 19,418
729,nan,nan,0.114,6.902,data/bronze/artifacts/2021_raw.xlsx,Table 19,419
730,nan,nan,0.507,8.46,data/bronze/artifacts/2021_raw.xlsx,Table 19,420
731,nan,nan,0.05,0.693,data/bronze/artifacts/2021_raw.xlsx,Table 19,421
732,nan,nan,0.231,>10,data/bronze/artifacts/2021_raw.xlsx,Table 19,422
733,nan,nan,0.434,>10,data/bronze/artifacts/2021_raw.xlsx,Table 19,423
734,nan,nan,0.994,>10,data/bronze/artifacts/2021_raw.xlsx,Table 19,424
735,nan,nan,0.22,>10,data/bronze/artifacts/2021_raw.xlsx,Table 19,425
736,nan,nan,0.151,6.96,data/bronze/artifacts/2021_raw.xlsx,Table 19,426
737,nan,nan,0.148,6.8,data/bronze/artifacts/2021_raw.xlsx,Table 19,427
738,nan,nan,0.173,4.3,data/bronze/artifacts/2021_raw.xlsx,Table 19,428
739,nan,nan,0.355,>10,data/bronze/artifacts/2021_raw.xlsx,Table 19,429
740,nan,nan,0.08,4.4,data/bronze/artifacts/2021_raw.xlsx,Table 19,430
741,nan,nan,0.27,8.36,data/bronze/artifacts/2021_raw.xlsx,Table 19,431
742,nan,nan,0.04,1.17,data/bronze/artifacts/2021_raw.xlsx,Table 19,432
743,nan,nan,0.054,0.694,data/bronze/artifacts/2021_raw.xlsx,Table 19,433
744,nan,nan,0.188,4.125,data/bronze/artifacts/2021_raw.xlsx,Table 19,434
745,nan,nan,0.223,1.2445,data/bronze/artifacts/2021_raw.xlsx,Table 19,435
746,nan,nan,0.139,7.26,data/bronze/artifacts/2021_raw.xlsx,Table 19,436
747,nan,nan,0.385,5.26,data/bronze/artifacts/2021_raw.xlsx,Table 19,437
748,nan,nan,0.084,2.62,data/bronze/artifacts/2021_raw.xlsx,Table 19,438
749,nan,nan,0.095,2.15,data/bronze/artifacts/2021_raw.xlsx,Table 19,439
750,nan,nan,0.177,3.145,data/bronze/artifacts/2021_raw.xlsx,Table 19,440
751,nan,nan,0.144,1.74,data/bronze/artifacts/2021_raw.xlsx,Table 19,441
752,nan,nan,0.119,1.74,data/bronze/artifacts/2021_raw.xlsx,Table 19,442
753,nan,nan,0.408,>10,data/bronze/artifacts/2021_raw.xlsx,Table 19,443
754,nan,nan,0.13,4.11,data/bronze/artifacts/2021_raw.xlsx,Table 19,444
755,nan,nan,0.184,>10,data/bronze/artifacts/2021_raw.xlsx,Table 19,445
756,nan,nan,0.228,5.95,data/bronze/artifacts/2021_raw.xlsx,Table 19,446
757,nan,nan,0.313,8.87,data/bronze/artifacts/2021_raw.xlsx,Table 19,447
758,nan,nan,0.337,>10,data/bronze/artifacts/2021_raw.xlsx,Table 19,448
759,nan,nan,0.293,>10,data/bronze/artifacts/2021_raw.xlsx,Table 19,449
760,nan,nan,0.1,2.93,data/bronze/artifacts/2021_raw.xlsx,Table 19,450
761,nan,nan,0.064,1.35,data/bronze/artifacts/2021_raw.xlsx,Table 19,451
762,nan,nan,0.18,8.795001,data/bronze/artifacts/2021_raw.xlsx,Table 19,452
763,nan,nan,0.057,4.34,data/bronze/artifacts/2021_raw.xlsx,Table 19,453
764,nan,nan,0.287,4.22,data/bronze/artifacts/2021_raw.xlsx,Table 19,454
765,nan,nan,0.18,0.51225,data/bronze/artifacts/2021_raw.xlsx,Table 19,455
766,nan,nan,0.161,5.9,data/bronze/artifacts/2021_raw.xlsx,Table 19,456
767,nan,nan,0.056,3.546667,data/bronze/artifacts/2021_raw.xlsx,Table 19,457
768,nan,nan,0.116,3.96,data/bronze/artifacts/2021_raw.xlsx,Table 19,458
769,nan,nan,0.052,5.01,data/bronze/artifacts/2021_raw.xlsx,Table 19,459
770,nan,nan,0.132,4.75,data/bronze/artifacts/2021_raw.xlsx,Table 19,460
771,nan,nan,0.27,>10,data/bronze/artifacts/2021_raw.xlsx,Table 19,461
772,nan,nan,0.437,17.55,data/bronze/artifacts/2021_raw.xlsx,Table 19,462
773,nan,nan,0.304,>10,data/bronze/artifacts/2021_raw.xlsx,Table 19,463
774,nan,nan,0.139,5.21,data/bronze/artifacts/2021_raw.xlsx,Table 19,464
775,nan,nan,0.05,1.68,data/bronze/artifacts/2021_raw.xlsx,Table 19,465
776,nan,nan,0.195,7.225,data/bronze/artifacts/2021_raw.xlsx,Table 19,466
777,nan,nan,0.372,>10,data/bronze/artifacts/2021_raw.xlsx,Table 19,467
778,nan,nan,0.072,2.05,data/bronze/artifacts/2021_raw.xlsx,Table 19,468
780,nan,nan,0.144,1.8,data/bronze/artifacts/2021_raw.xlsx,Table 19,469
781,nan,nan,0.26,3.395,data/bronze/artifacts/2021_raw.xlsx,Table 19,470
782,nan,nan,0.017,0.46,data/bronze/artifacts/2021_raw.xlsx,Table 19,471
784,nan,nan,0.261,4.7,data/bronze/artifacts/2021_raw.xlsx,Table 19,472
785,nan,nan,0.123,2.605,data/bronze/artifacts/2021_raw.xlsx,Table 19,473
786,nan,nan,0.322,>10,data/bronze/artifacts/2021_raw.xlsx,Table 19,474
787,nan,nan,0.059,1.735,data/bronze/artifacts/2021_raw.xlsx,Table 19,475
788,nan,nan,0.064,1.59,data/bronze/artifacts/2021_raw.xlsx,Table 19,476
789,nan,nan,0.162,6.15,data/bronze/artifacts/2021_raw.xlsx,Table 19,477
790,nan,nan,0.156,5.16,data/bronze/artifacts/2021_raw.xlsx,Table 19,478
791,nan,nan,0.06,1.72,data/bronze/artifacts/2021_raw.xlsx,Table 19,479
792,nan,nan,0.119,3.84,data/bronze/artifacts/2021_raw.xlsx,Table 19,480
793,nan,nan,0.783,>10,data/bronze/artifacts/2021_raw.xlsx,Table 19,481
795,nan,nan,0.056,1.39,data/bronze/artifacts/2021_raw.xlsx,Table 19,482
796,nan,nan,0.308,>10,data/bronze/artifacts/2021_raw.xlsx,Table 19,483
797,nan,nan,0.229,3.82,data/bronze/artifacts/2021_raw.xlsx,Table 19,484
798,nan,nan,0.25,6.96,data/bronze/artifacts/2021_raw.xlsx,Table 19,485
799,nan,nan,0.013,0.301,data/bronze/artifacts/2021_raw.xlsx,Table 19,486
800,nan,nan,0.173,2.79,data/bronze/artifacts/2021_raw.xlsx,Table 19,487
801,nan,nan,0.533,>10,data/bronze/artifacts/2021_raw.xlsx,Table 19,488
802,nan,nan,0.393,9.3,data/bronze/artifacts/2021_raw.xlsx,Table 19,489
803,nan,nan,0.412,>10,data/bronze/artifacts/2021_raw.xlsx,Table 19,490
804,nan,nan,0.226,5.77,data/bronze/artifacts/2021_raw.xlsx,Table 19,491
805,nan,nan,0.144,2,data/bronze/artifacts/2021_raw.xlsx,Table 19,492
806,nan,nan,0.552,6.8,data/bronze/artifacts/2021_raw.xlsx,Table 19,493
807,nan,nan,0.075,0.764,data/bronze/artifacts/2021_raw.xlsx,Table 19,494
808,nan,nan,0.454,19.9,data/bronze/artifacts/2021_raw.xlsx,Table 19,495
809,nan,nan,0.015,0.362,data/bronze/artifacts/2021_raw.xlsx,Table 19,496
810,nan,nan,0.594,5.4,data/bronze/artifacts/2021_raw.xlsx,Table 19,497
811,nan,nan,0.422,>10,data/bronze/artifacts/2021_raw.xlsx,Table 19,498
812,nan,nan,0.043,1.04,data/bronze/artifacts/2021_raw.xlsx,Table 19,499
813,nan,nan,0.098,2.63,data/bronze/artifacts/2021_raw.xlsx,Table 19,500
814,nan,nan,0.062,1.76,data/bronze/artifacts/2021_raw.xlsx,Table 19,501
815,nan,nan,0.25,5.15,data/bronze/artifacts/2021_raw.xlsx,Table 19,502
816,nan,nan,0.018,0.368,data/bronze/artifacts/2021_raw.xlsx,Table 19,503
817,nan,nan,0.369,1.31,data/bronze/artifacts/2021_raw.xlsx,Table 19,504
818,nan,nan,0.024,0.372,data/bronze/artifacts/2021_raw.xlsx,Table 19,505
819,nan,nan,0.029,0.543,data/bronze/artifacts/2021_raw.xlsx,Table 19,506
820,nan,nan,0.239,3.55,data/bronze/artifacts/2021_raw.xlsx,Table 19,507
821,nan,nan,0.019,0.3715,data/bronze/artifacts/2021_raw.xlsx,Table 19,508
822,nan,nan,0.045,0.763,data/bronze/artifacts/2021_raw.xlsx,Table 19,509
823,nan,nan,0.041,0.695,data/bronze/artifacts/2021_raw.xlsx,Table 19,510
824,nan,nan,0.607,>10,data/bronze/artifacts/2021_raw.xlsx,Table 19,511
827,nan,nan,0.88,>1,data/bronze/artifacts/2021_raw.xlsx,Table 19,512
828,nan,nan,0.91,>10,data/bronze/artifacts/2021_raw.xlsx,Table 19,513
829,nan,nan,0.84,>10,data/bronze/artifacts/2021_raw.xlsx,Table 19,514
830,nan,nan,0.38,>10,data/bronze/artifacts/2021_raw.xlsx,Table 19,515
831,nan,nan,0.44,>10,data/bronze/artifacts/2021_raw.xlsx,Table 19,516
832,nan,nan,0.38,>10,data/bronze/artifacts/2021_raw.xlsx,Table 19,517
833,nan,nan,0.039,1.19,data/bronze/artifacts/2021_raw.xlsx,Table 19,518
834,nan,nan,0.523,3.19,data/bronze/artifacts/2021_raw.xlsx,Table 19,519
835,nan,nan,0.448,8.01,data/bronze/artifacts/2021_raw.xlsx,Table 19,520
836,nan,nan,0.129,>10,data/bronze/artifacts/2021_raw.xlsx,Table 19,521
837,nan,nan,0.042,2.17,data/bronze/artifacts/2021_raw.xlsx,Table 19,522
838,nan,nan,0.056,1.65,data/bronze/artifacts/2021_raw.xlsx,Table 19,523
839,nan,nan,0.057,1.99,data/bronze/artifacts/2021_raw.xlsx,Table 19,524
840,nan,nan,0.09,5.5,data/bronze/artifacts/2021_raw.xlsx,Table 19,525
