compound_key,compound_id,iupac_name,mw,lcms_text,nmr_1h_text,flag_asterisk,flag_imaging_conflict,flag_smiles_o3_changed,year,provenance_file,provenance_sheet,provenance_row
,295,"N-[2-(5-{1-[(6,7-dimethoxy-2-methylquinazolin-4-yl)amino]ethyl}thiophen-2-yl)-5-fluorobenzyl]-N&lt;sup&gt;2&lt;/sup&gt;-(2,2,2-trifluoroethyl)glycinamide",,,,,,,2018,data/bronze/artifacts/2018_raw.xlsx,Sheet1,296
,318,"{1-[(2S)-(5-{1-[(6,7-dimethoxy-2-methylquinazolin-4-yl)amino]ethyl}thiophen-2-yl)benzyl]azetidin-2-yl}methanol",,,,,,,2018,data/bronze/artifacts/2018_raw.xlsx,Sheet1,319
AARZNBXCUFNKJF-MZVUKIKXSA-N,349,"(1R)-1-[2-(5-{1-[(6,7-dimethoxy-2-methylquinazolin-4-yl)amino]ethyl}thiophen-2-yl)phenyl]propan-1-ol",,,,,,,2018,data/bronze/artifacts/2018_raw.xlsx,Sheet1,350
AAZDURVNHUCDRY-UHFFFAOYSA-N,435,4-(4-{[1-(5-{2-[(dimethylamino)methyl]phenyl}thiophen-2-yl)ethyl]amino}-2-methylquinazolin-6-yl)-1-methylpiperazin-2-one,,,,,,,2018,data/bronze/artifacts/2018_raw.xlsx,Sheet1,436
AEDGGRSEZDBEDU-UHFFFAOYSA-N,227,"5-{1-[(6,7-dimethoxy-2-methylquinazolin-4-yl)amino]ethyl}pyridin-2(1H)-one",,,,,,,2018,data/bronze/artifacts/2018_raw.xlsx,Sheet1,228
AFJZRMKVDOBRBP-MRXNPFEDSA-N,36,"N-[(1R)-1-(5'-amino-2'-methylbiphenyl-3-yl)ethyl]-6,7-dimethoxy-2-methylquinazolin-4-amine",,,,,,,2018,data/bronze/artifacts/2018_raw.xlsx,Sheet1,37
AIGVWRJNGGUAPZ-MRXNPFEDSA-N,109,"N-{(1R)-1-[3-(1H-indol-6-yl)phenyl]ethyl}-6,7-dimethoxy-2-methylquinazolin-4-amine",,,,,,,2018,data/bronze/artifacts/2018_raw.xlsx,Sheet1,110
AIVWCXWSYALXAZ-BNOPAZPUSA-N,78,"6,7-dimethoxy-2-methyl-N-[(1R)-1-{3-[(1E)-3-phenylprop-1-en-1-yl]phenyl}ethyl]quinazolin-4-amine",,,,,,,2018,data/bronze/artifacts/2018_raw.xlsx,Sheet1,79
AJMYRZFCPXBHRG-UGNFMNBCSA-N,309,"(3S)-{[2-(5-{1-[(6,7-dimethoxy-2-methylquinazolin-4-yl)amino]ethyl}thiophen-2-yl)benzyl]amino}-1-methylpyrrolidin-2-one",,,,,,,2018,data/bronze/artifacts/2018_raw.xlsx,Sheet1,310
AJVFPAICTPRPQV-OAHLLOKOSA-N,353,7-methoxy-2-methyl-6-(propan-2-yloxy)-N-{(1R)-1-[3-(1H-pyrazol-4-yl)phenyl]ethyl}quinazolin-4-amine,,,,,,,2018,data/bronze/artifacts/2018_raw.xlsx,Sheet1,354
ANXAWDYWQCJAPY-UHFFFAOYSA-N,422,"6,7-dimethoxy-N-{1-[5-(4-methoxy-2-methylphenyl)thiophen-2-yl]ethyl}-2-methylquinazolin-4-amine",,,,,,,2018,data/bronze/artifacts/2018_raw.xlsx,Sheet1,423
ANZMPQUEPVBXQF-UHFFFAOYSA-N,24,"N-[1-(2,3-dihydro-1-benzofuran-5-yl)ethyl]-6,7-dimethoxy-2-methylquinazolin-4-amine",,,,,,,2018,data/bronze/artifacts/2018_raw.xlsx,Sheet1,25
APBUMYPWCLYRIZ-SOFGYWHQSA-N,160,"(2E)-3-[3-(5-{1-[(6,7-dimethoxy-2-methylquinazolin-4-yl)amino]ethyl}thiophen-2-yl)phenyl]prop-2-enenitrile",,,,,,,2018,data/bronze/artifacts/2018_raw.xlsx,Sheet1,161
APLRVUNVGHUEPC-UHFFFAOYSA-N,301,"6,7-dimethoxy-2-methyl-N-[1-(5-{2-[(pyridin-2-ylamino)methyl]phenyl}thiophen-2-yl)ethyl]quinazolin-4-amine",,,,,,,2018,data/bronze/artifacts/2018_raw.xlsx,Sheet1,302
APXOGZSGAWPGBJ-UHFFFAOYSA-N,223,"N-[1-(5-{2-[(3,3-difluoropyrrolidin-1-yl)methyl]phenyl}thiophen-2-yl)ethyl]-6,7-dimethoxy-2-methylquinazolin-4-amine",,,,,,,2018,data/bronze/artifacts/2018_raw.xlsx,Sheet1,224
ARDAQGRNHSXGQD-UHFFFAOYSA-N,304,"N-[1-{5-[4-fluoro-2-({[(1-methyl-1H-imidazol-2-yl)methyl]amino}methyl)phenyl]thiophen-2-yl}ethyl]-6,7-dimethoxy-2-methylquinazolin-4-amine",,,,,,,2018,data/bronze/artifacts/2018_raw.xlsx,Sheet1,305
ARXXCNPGCLMVPI-GFCCVEGCSA-N,412,"N-[(1R)-1-(3-chlorophenyl)ethyl]-6-methoxy-2,7-dimethylquinazolin-4-amine",,,,,,,2018,data/bronze/artifacts/2018_raw.xlsx,Sheet1,413
ASBIYJVVNDLIJE-UHFFFAOYSA-N,296,"N-[2-(5-{1-[(6,7-dimethoxy-2-methylquinazolin-4-yl)amino]ethyl}thiophen-2-yl)-5-fluorobenzyl]-1H-indole-2-carboxamide",,,,,,,2018,data/bronze/artifacts/2018_raw.xlsx,Sheet1,297
ASZTUONHYWLDEQ-UHFFFAOYSA-N,277,"2-{[2-(5-{1-[(6,7-dimethoxy-2-methylquinazolin-4-yl)amino]ethyl}thiophen-2-yl)benzyl]amino}-1-(1H-indol-3-yl)ethanone",,,,,,,2018,data/bronze/artifacts/2018_raw.xlsx,Sheet1,278
AUCMSDUCPLZLIV-MRXNPFEDSA-N,350,6-butoxy-7-methoxy-2-methyl-N-{(1R)-1-[3-(1H-pyrazol-4-yl)phenyl]ethyl}quinazolin-4-amine,,,,,,,2018,data/bronze/artifacts/2018_raw.xlsx,Sheet1,351
AWXNSGAEWULFPU-UHFFFAOYSA-N,275,"N-[1-{5-[5-(aminomethyl)furan-2-yl]thiophen-2-yl}ethyl]-6,7-dimethoxy-2-methylquinazolin-4-amine",,,,,,,2018,data/bronze/artifacts/2018_raw.xlsx,Sheet1,276
BBBHENWZGQIGTH-XLDIYJRPSA-N,314,"N-[2-(5-{1-[(6,7-dimethoxy-2-methylquinazolin-4-yl)amino]ethyl}thiophen-2-yl)-5-fluorobenzyl]-L-prolinamide",,,,,,,2018,data/bronze/artifacts/2018_raw.xlsx,Sheet1,315
BBBHENWZGQIGTH-XLDIYJRPSA-N,316,"N-[2-(5-{1-[(6,7-dimethoxy-2-methylquinazolin-4-yl)amino]ethyl}thiophen-2-yl)-5-fluorobenzyl]-prolinamide",,,,,,,2018,data/bronze/artifacts/2018_raw.xlsx,Sheet1,317
BGSCFKBKIQRJPV-UHFFFAOYSA-N,357,"N-[1-{5-[2-(2-aminoethyl)phenyl]thiophen-2-yl}ethyl]-6,7-dimethoxy-2-methylquinazolin-4-amine",,,,,,,2018,data/bronze/artifacts/2018_raw.xlsx,Sheet1,358
BHVNCDCVUPFLBK-UHFFFAOYSA-N,16,"6,7-dimethoxy-2-methyl-N-[1-(6-methyl-1H-indazol-4-yl)ethyl]quinazolin-4-amine",,,,,,,2018,data/bronze/artifacts/2018_raw.xlsx,Sheet1,17
BLAPJKPJOLGPEX-UHFFFAOYSA-N,439,"N-[1-(5-{2-[(dimethylamino)methyl]-4-methoxyphenyl}thiophen-2-yl)ethyl]-6,7-dimethoxy-2-methylquinazolin-4-amine",,,,,,,2018,data/bronze/artifacts/2018_raw.xlsx,Sheet1,440
BMDHXIFMXKGGHV-UHFFFAOYSA-N,401,"2-((2-(5-(1-[(6,7-dimethoxy-2-methylquinazolin-4-yl)amino]ethyl}-3-methyl-2-thienyl)benzyl](methyl)amino}ethanol",,,,,,,2018,data/bronze/artifacts/2018_raw.xlsx,Sheet1,402
BMWAMTKFLARMNA-UHFFFAOYSA-N,159,"tert-butyl[4-(5-(1-[(6,7-dimethoxy-2-methylquinazolin-4-yl)amino]ethyl}thiophen-2-yl)phenyl]carbamate",,,,,,,2018,data/bronze/artifacts/2018_raw.xlsx,Sheet1,160
BNDZVJZGMPPJAU-UHFFFAOYSA-N,273,"2-[3-(5-{1-[(6,7-dimethoxy-2-methylquinazolin-4-yl)amino]ethyl}thiophen-3-yl)-1H-pyrazol-1-yl]ethanol",,,,,,,2018,data/bronze/artifacts/2018_raw.xlsx,Sheet1,274
BODWKDUISAXKFR-UHFFFAOYSA-N,221,"N-{1-[5-(1-cyclopentyl-1H-pyrazol-4-yl)thiophen-2-yl]ethyl}-6,7-dimethoxy-2-methylquinazolin-4-amine",,,,,,,2018,data/bronze/artifacts/2018_raw.xlsx,Sheet1,222
BOFLRMNYERXCEJ-UHFFFAOYSA-N,292,"N-[1-{5-[2-(aminomethyl)-5-chlorophenyl]thiophen-2-yl}ethyl]-6,7-dimethoxy-2-methylquinazolin-4-amine",,,,,,,2018,data/bronze/artifacts/2018_raw.xlsx,Sheet1,293
BOLLZVBPZRROEI-GOSISDBHSA-N,67,"N-[(1R)-1-(2'-butoxy-6'-fluorobiphenyl-3-yl)ethyl]-6,7-dimethoxy-2-methylquinazolin-4-amine",,,,,,,2018,data/bronze/artifacts/2018_raw.xlsx,Sheet1,68
BOMXERNAUVRWAX-MRXNPFEDSA-N,110,"N-{(1R)-1-[3-(1H-indol-4-yl)phenyl]ethyl}-6,7-dimethoxy-2-methylquinazolin-4-amine",,,,,,,2018,data/bronze/artifacts/2018_raw.xlsx,Sheet1,111
BOTBOIAYHDQQLH-UHFFFAOYSA-N,370,"N-[1-(5-{2-[(cyclopropylamino)methyl]phenyl}thiophen-2-yl)ethyl]-6,7-dimethoxy-2-methylquinazolin-4-amine",,,,,,,2018,data/bronze/artifacts/2018_raw.xlsx,Sheet1,371
BPNBGNBMKNVQIA-UHFFFAOYSA-N,426,N-[1-(5-{2-[(dimethylamino)methyl]phenyl}thiophen-2-yl)ethyl]-2-methyl-6-[4-(pyridin-3-ylmethyl)piperazin-1-yl]quinazolin-4-amine,,,,,,,2018,data/bronze/artifacts/2018_raw.xlsx,Sheet1,427
BPRHWEFRWQTBGT-UHFFFAOYSA-N,181,"2-(3-(5-(1-[(6,7-dimethoxy-2-methylquinazolin-4-yl)amino]ethyl}thiophen-2-yl)phenyl]ethanol",,,,,,,2018,data/bronze/artifacts/2018_raw.xlsx,Sheet1,182
BQJFRTSSVRRPEG-UHFFFAOYSA-N,437,"N-[1-{5-[2-(aminomethyl)phenyl]-3-chlorothiophen-2-yl}ethyl]-6,7-dimethoxy-2-methylquinazolin-4-amine",,,,,,,2018,data/bronze/artifacts/2018_raw.xlsx,Sheet1,438
BRXLQKCRTIZSRJ-UHFFFAOYSA-N,442,"N-[1-(5-{2-[(dimethylamino)methyl]-4-methylphenyl}thiophen-2-yl)ethyl]-6,7-dimethoxy-2-methylquinazolin-4-amine",,,,,,,2018,data/bronze/artifacts/2018_raw.xlsx,Sheet1,443
BUQMCFACIJNXPZ-OAHLLOKOSA-N,40,"N-[(1R)-1-(2'-chloro-6'-fluoro-3'-methylbiphenyl-3-yl)ethyl]-6,7-dimethoxy-2-methylquinazolin-4-amine",,,,,,,2018,data/bronze/artifacts/2018_raw.xlsx,Sheet1,41
BURYFNGXRDKUQV-QGZVFWFLSA-N,268,"6,7-dimethoxy-2-methyl-N-[(1R)-1-{2'-[(methylamino)methyl]biphenyl-3-yl}ethyl]quinazolin-4-amine",,,,,,,2018,data/bronze/artifacts/2018_raw.xlsx,Sheet1,269
BWHOCTRKNNZHCJ-UHFFFAOYSA-N,209,"N-[1-(5-bromothiophen-2-yl)ethyl]-6,7-dimethoxy-2-methylquinazolin-4-amine",,,,,,,2018,data/bronze/artifacts/2018_raw.xlsx,Sheet1,210
BWPKRVMVVDSBEM-UHFFFAOYSA-N,148,"6,7-dimethoxy-2-methyl-N-[1-{5-[2-(methylsulfonyl)phenyl]thiophen-2-yl}ethyl]quinazolin-4-amine",,,,,,,2018,data/bronze/artifacts/2018_raw.xlsx,Sheet1,149
BYPZPHDCILKHFB-UHFFFAOYSA-N,430,"N-[1-{5-[2-(aminomethyl)phenyl]-4-chlorothiophen-2-yl}ethyl]-6,7-dimethoxy-2-methylquinazolin-4-amine",,,,,,,2018,data/bronze/artifacts/2018_raw.xlsx,Sheet1,431
BZPGKKHBBMGITH-LLVKDONJSA-N,373,(4-{[(1R)-1-(3-chlorophenyl)ethyl]amino}-2-methylquinazolin-6-yl)methanol,,,,,,,2018,data/bronze/artifacts/2018_raw.xlsx,Sheet1,374
CBWIMNBDIURUCP-UHFFFAOYSA-N,239,"N-[1-(5-bromothiophen-3-yl)ethyl]-6,7-dimethoxy-2-methylquinazolin-4-amine",,,,,,,2018,data/bronze/artifacts/2018_raw.xlsx,Sheet1,240
CCCVRVOFJHCCMF-UHFFFAOYSA-N,269,"N-[1-{4-[2-(aminomethyl)-4-fluorophenyl]thiophen-2-yl}ethyl]-6,7-dimethoxy-2-methylquinazolin-4-amine",,,,,,,2018,data/bronze/artifacts/2018_raw.xlsx,Sheet1,270
CCTJYSYEPWTDMP-LJQANCHMSA-N,79,"6,7-dimethoxy-2-methyl-N-{(1R)-1-[4'-(morpholin-4-yl)biphenyl-3-yl]ethyl}quinazolin-4-amine",,,,,,,2018,data/bronze/artifacts/2018_raw.xlsx,Sheet1,80
CDHFCNLIGARGMT-UHFFFAOYSA-N,291,"N-{1-[5-(2-{[(2,2-difluoroethyl)(methyl)amino]methyl}phenyl)thiophen-2-yl]ethyl}-6,7-dimethoxy-2-methylquinazolin-4-amine",,,,,,,2018,data/bronze/artifacts/2018_raw.xlsx,Sheet1,292
CFFOTSBNWOOUMJ-MRXNPFEDSA-N,66,"6,7-dimethoxy-N-{(1R)-1-[3-(5-methoxy-1-benzofuran-2-yl)phenyl]ethyl}-2-methylquinazolin-4-amine",,,,,,,2018,data/bronze/artifacts/2018_raw.xlsx,Sheet1,67
CFVGNRUJBFOSMO-UHFFFAOYSA-N,231,"N-{1-[5-(cyclopent-1-en-1-yl)thiophen-2-yl]ethyl}-6,7-dimethoxy-2-methylquinazolin-4-amine",,,,,,,2018,data/bronze/artifacts/2018_raw.xlsx,Sheet1,232
CGWHURQEIBFAMK-UHFFFAOYSA-N,229,"N-[1-(2,1,3-benzothiadiazol-5-yl)ethyl]-6,7-dimethoxy-2-methylquinazolin-4-amine",,,,,,,2018,data/bronze/artifacts/2018_raw.xlsx,Sheet1,230
CKDDCNOUNUELJU-UHFFFAOYSA-N,311,"6,7-dimethoxy-2-methyl-N-[1-{5-[2-(morpholin-4-ylmethyl)phenyl]thiophen-2-yl}ethyl]quinazolin-4-amine",,,,,,,2018,data/bronze/artifacts/2018_raw.xlsx,Sheet1,312
CKPGDLCSPTZCQX-XAVKZTDYSA-N,89,"6,7-dimethoxy-2-methyl-N-[(1R)-1-{3-[(1E)-pent-1-en-1-yl]phenyl}ethyl]quinazolin-4-amine",,,,,,,2018,data/bronze/artifacts/2018_raw.xlsx,Sheet1,90
CMZGTDNIYJYLQD-UHFFFAOYSA-N,376,"1-[2-(5-{1-[(6,7-dimethoxy-2-methylquinazolin-4-yl)amino]ethyl}thiophen-2-yl)phenyl]-2-phenylethanol",,,,,,,2018,data/bronze/artifacts/2018_raw.xlsx,Sheet1,377
COBXLMMZRBFLIO-UHFFFAOYSA-N,264,"N-[1-(4-bromothiophen-2-yl)ethyl]-6,7-dimethoxy-2-methylquinazolin-4-amine",,,,,,,2018,data/bronze/artifacts/2018_raw.xlsx,Sheet1,265
COWLWQGIJDXRRN-UHFFFAOYSA-N,394,"2-(2-(5-(1-[(6,7-dimethoxy-2-methylquinazolin-4-yl)amino]ethyl}thiophen-2-yl)phenyl]acetamide",,,,,,,2018,data/bronze/artifacts/2018_raw.xlsx,Sheet1,395
CPGFRRPCKHJJSB-MRXNPFEDSA-N,59,"6,7-dimethoxy-2-methyl-N-{(1R)-1-[4'-(5-methyl-1,3,4-oxadiazol-2-yl)biphenyl-3-yl]ethyl}quinazolin-4-amine",,,,,,,2018,data/bronze/artifacts/2018_raw.xlsx,Sheet1,60
CRIMLWLSVMDRMT-UHFFFAOYSA-N,395,"5-(5-(1-[(6,7-dimethoxy-2-methylquinazolin-4-yl)amino]ethyl}thiophen-2-yl)pyridin-2-ol",,,,,,,2018,data/bronze/artifacts/2018_raw.xlsx,Sheet1,396
CUKYQSRLQNDHGX-UHFFFAOYSA-N,137,"2-[4-(5-{1-[(6,7-dimethoxy-2-methylquinazolin-4-yl)amino]ethyl}thiophen-2-yl)phenyl]-2-methylpropanenitrile",,,,,,,2018,data/bronze/artifacts/2018_raw.xlsx,Sheet1,138
CUQWVEQERGJNFA-UHFFFAOYSA-N,134,"N-{1-[5-(3-fluoro-5-methoxyphenyl)thiophen-2-yl]ethyl}-6,7-dimethoxy-2-methylquinazolin-4-amine",,,,,,,2018,data/bronze/artifacts/2018_raw.xlsx,Sheet1,135
CUWDPTRKIBLCRA-UHFFFAOYSA-N,262,"N-[1-(5-{2-[(dimethylamino)methyl]phenyl}thiophen-2-yl)ethyl]-6,7-dimethoxy-2-methylquinazolin-4-amine",,,,,,,2018,data/bronze/artifacts/2018_raw.xlsx,Sheet1,263
CUWDPTRKIBLCRA-UHFFFAOYSA-N,390,"N-[1-(5-{2-[(dimethylamino)methyl]phenyl}thiophen-2-yl)ethyl]-6,7-dimethoxy-2-methylquinazolin-4-amine,enantiomer1",,,,,,,2018,data/bronze/artifacts/2018_raw.xlsx,Sheet1,391
CUWDPTRKIBLCRA-UHFFFAOYSA-N,391,"N-[1-(5-{2-[(dimethylamino)methyl]phenyl}thiophen-2-yl)ethyl]-6,7-dimethoxy-2-methylquinazolin-4-amine,enantiomer2",,,,,,,2018,data/bronze/artifacts/2018_raw.xlsx,Sheet1,392
CVMWGEBXRDOUDV-CQSZACIVSA-N,111,"6,7-dimethoxy-N-{(1R)-1-[3-(2-methoxypyrimidin-5-yl)phenyl]ethyl}-2-methylquinazolin-4-amine",,,,,,,2018,data/bronze/artifacts/2018_raw.xlsx,Sheet1,112
CYGAWTWZIVKBSZ-QGZVFWFLSA-N,103,"3'-{(1R)-1-[(6,7-dimethoxy-2-methylquinazolin-4-yl)amino]ethyl}-N,N-dimethylbiphenyl-2-carboxamide",,,,,,,2018,data/bronze/artifacts/2018_raw.xlsx,Sheet1,104
CZUWIJPTIMWJEC-UHFFFAOYSA-N,365,"N-[1-(5-(2-[(benzylamino)methyl]phenyl}thiophen-2-yl)ethyl]-6,7-dimethoxy-2-methylquinazolin-4-amine",,,,,,,2018,data/bronze/artifacts/2018_raw.xlsx,Sheet1,366
DAGNCCBSOVEFQP-UHFFFAOYSA-N,367,"N-[1-(5-(2-[(ethylamino)methyl]phenyl}thiophen-2-yl)ethyl]-6,7-dimethoxy-2-methylquinazolin-4-amine",,,,,,,2018,data/bronze/artifacts/2018_raw.xlsx,Sheet1,368
DBMPHLRYOODXIH-UHFFFAOYSA-N,310,"N-[2-(5-{1-[(6,7-dimethoxy-2-methylquinazolin-4-yl)amino]ethyl}thiophen-2-yl)-5-fluorobenzyl]-1H-pyrazole-3-carboxamide",,,,,,,2018,data/bronze/artifacts/2018_raw.xlsx,Sheet1,311
DHPXUAKGSPXKDD-GOSISDBHSA-N,38,"N-{(1R)-1-[3'-(cyclopropylmethoxy)biphenyl-3-yl]ethyl}-6,7-dimethoxy-2-methylquinazolin-4-amine",,,,,,,2018,data/bronze/artifacts/2018_raw.xlsx,Sheet1,39
DJOCBWZEBIUGJR-CYBMUJFWSA-N,195,"6,7-dimethoxy-2-methyl-N-[(1R)-1-(4-methylphenyl)ethyl]quinazolin-4-amine",,,,,,,2018,data/bronze/artifacts/2018_raw.xlsx,Sheet1,196
DJSATVPWUOUXPY-SNVBAGLBSA-N,451,7-bromo-N-[(1R)-1-(3-chlorophenyl)ethyl]-2-methylquinazolin-4-amine,,,,,,,2018,data/bronze/artifacts/2018_raw.xlsx,Sheet1,452
DKDCLXARHUAYMR-UHFFFAOYSA-N,409,"N-[1-{5-[2-(aminomethyl)-6-chlorophenyl]thiophen-2-yl}ethyl]-6,7-dimethoxy-2-methylquinazolin-4-amine",,,,,,,2018,data/bronze/artifacts/2018_raw.xlsx,Sheet1,410
DMCMPACIBCIODX-UHFFFAOYSA-N,248,"N-{1-[5-(2-ethenylphenyl)thiophen-2-yl]ethyl}-6,7-dimethoxy-2-methylquinazolin-4-amine",,,,,,,2018,data/bronze/artifacts/2018_raw.xlsx,Sheet1,249
DNIKCKHHFDGIEJ-OAHLLOKOSA-N,65,"N-[(1R)-1-(3'-fluoro-5'-methoxybiphenyl-3-yl)ethyl]-6,7-dimethoxy-2-methylquinazolin-4-amine",,,,,,,2018,data/bronze/artifacts/2018_raw.xlsx,Sheet1,66
DPCSPWBNAMGRHD-UHFFFAOYSA-N,380,"1-[2-(5-{1-[(6,7-dimethoxy-2-methylquinazolin-4-yl)amino]ethyl}thiophen-2-yl)phenyl]-2,2,2-trifluoroethanol",,,,,,,2018,data/bronze/artifacts/2018_raw.xlsx,Sheet1,381
DPKCUEYDFSEEGB-UHFFFAOYSA-N,185,"N-[1-{5-[2-({2-[(dimethylamino)methyl]pyrrolidin-1-yl}methyl)phenyl]thiophen-2-yl}ethyl]-6,7-dimethoxy-2-methylquinazolin-4-amine",,,,,,,2018,data/bronze/artifacts/2018_raw.xlsx,Sheet1,186
DPPYBDVALUHUKM-QGZVFWFLSA-N,77,"N-[(1R)-1-(5'-chloro-2'-propoxybiphenyl-3-yl)ethyl]-6,7-dimethoxy-2-methylquinazolin-4-amine",,,,,,,2018,data/bronze/artifacts/2018_raw.xlsx,Sheet1,78
DPZDSLWSSBJMKS-UHFFFAOYSA-N,444,"6,7-dimethoxy-2-methyl-N-[1-(2-methyl-1,3-thiazol-4-yl)ethyl]quinazolin-4-amine",,,,,,,2018,data/bronze/artifacts/2018_raw.xlsx,Sheet1,445
DQQLINUZCTZYPU-MRXNPFEDSA-N,118,"N-(3'-{(1R)-1-[(6,7-dimethoxy-2-methylquinazolin-4-yl)amino]ethyl}biphenyl-3-yl)methanesulfonamide",,,,,,,2018,data/bronze/artifacts/2018_raw.xlsx,Sheet1,119
FALZWAQYJFPTBE-GFCCVEGCSA-N,405,N-[(1R)-1-(3-chlorophenyl)ethyl]-2-methyl-6-(1H-pyrazol-4-yl)quinazolin-4-amine,,,,,,,2018,data/bronze/artifacts/2018_raw.xlsx,Sheet1,406
FCQNGSHORQZDMC-UHFFFAOYSA-N,184,"6,7-dimethoxy-2-methyl-N-[1-{5-[2-(pyrrolidin-1-ylmethyl)phenyl]thiophen-2-yl}ethyl]quinazolin-4-amine",,,,,,,2018,data/bronze/artifacts/2018_raw.xlsx,Sheet1,185
FDVDTKVIRHIBLH-UHFFFAOYSA-N,158,"6,7-dimethoxy-2-methyl-N-{1-[5-(2-phenoxyphenyl)thiophen-2-yl]ethyl}quinazolin-4-amine",,,,,,,2018,data/bronze/artifacts/2018_raw.xlsx,Sheet1,159
FDWLGDYAPGDCGK-UHFFFAOYSA-N,139,"N-[3-(5-{1-[(6,7-dimethoxy-2-methylquinazolin-4-yl)amino]ethyl}thiophen-2-yl)benzyl]methanesulfonamide",,,,,,,2018,data/bronze/artifacts/2018_raw.xlsx,Sheet1,140
FFIXRNZIVOQDFG-UHFFFAOYSA-N,169,"2-(5-{1-[(6,7-dimethoxy-2-methylquinazolin-4-yl)amino]ethyl}thiophen-2-yl)-N,N-dimethylbenzenesulfonamide",,,,,,,2018,data/bronze/artifacts/2018_raw.xlsx,Sheet1,170
FFJYUOSQWNCKHY-LLVKDONJSA-N,12,"N-[(1R)-1-(4-fluorophenyl)ethyl]-6,7-dimethoxy-2-methylquinazolin-4-amine",,,,,,,2018,data/bronze/artifacts/2018_raw.xlsx,Sheet1,13
FGMHLFZFPCEGOK-GOSISDBHSA-N,344,6-(benzyloxy)-7-methoxy-2-methyl-N-{(1R)-1-[3-(1H-pyrazol-4-yl)phenyl]ethyl}quinazolin-4-amine,,,,,,,2018,data/bronze/artifacts/2018_raw.xlsx,Sheet1,345
FIDOVJNKTSOXBQ-KAUXGEHWSA-N,90,"N-[(1R)-1-{3-[(E)-2-cyclohexylethenyl]phenyl}ethyl]-6,7-dimethoxy-2-methylquinazolin-4-amine",,,,,,,2018,data/bronze/artifacts/2018_raw.xlsx,Sheet1,91
FJODQLHMRFUKPJ-UHFFFAOYSA-N,233,"N-{1-[5-(4-fluoronaphthalen-1-yl)thiophen-2-yl]ethyl}-6,7-dimethoxy-2-methylquinazolin-4-amine",,,,,,,2018,data/bronze/artifacts/2018_raw.xlsx,Sheet1,234
FLTGKZCMRMPQMV-UHFFFAOYSA-N,50,"6,7-dimethoxy-N-[1-{5-[2-(methoxymethyl)phenyl]thiophen-2-yl}ethyl]-2-methylquinazolin-4-amine",,,,,,,2018,data/bronze/artifacts/2018_raw.xlsx,Sheet1,51
FMLPZJUQRSTUCA-QGZVFWFLSA-N,115,"3'-{(1R)-1-[(6,7-dimethoxy-2-methylquinazolin-4-yl)amino]ethyl}-N,N-dimethylbiphenyl-4-carboxamide",,,,,,,2018,data/bronze/artifacts/2018_raw.xlsx,Sheet1,116
FOCBNHGZDILGFN-CYBMUJFWSA-N,197,"N-[(1R)-1-(4-cyclopropylphenyl)ethyl]-6,7-dimethoxy-2-methylquinazolin-4-amine",,,,,,,2018,data/bronze/artifacts/2018_raw.xlsx,Sheet1,198
FPXJHYJIRLQPIM-ZHACJKMWSA-N,175,"6,7-dimethoxy-2-methyl-N-[1-{5-[(E)-2-phenylethenyl]thiophen-2-yl}ethyl]quinazolin-4-amine",,,,,,,2018,data/bronze/artifacts/2018_raw.xlsx,Sheet1,176
FQJKBTKFPLHWIH-MRXNPFEDSA-N,196,"N-[(1R)-1-(biphenyl-4-yl)ethyl]-6,7-dimethoxy-2-methylquinazolin-4-amine",,,,,,,2018,data/bronze/artifacts/2018_raw.xlsx,Sheet1,197
FQJWYYLOCGQMNL-CQSZACIVSA-N,124,"N-[(1R)-1-(3',5'-dichlorobiphenyl-3-yl)ethyl]-6,7-dimethoxy-2-methylquinazolin-4-amine",,,,,,,2018,data/bronze/artifacts/2018_raw.xlsx,Sheet1,125
FQWLAFSPSYTQRY-UHFFFAOYSA-N,168,"6,7-dimethoxy-2-methyl-N-[1-{5-[3-(trifluoromethyl)phenyl]thiophen-2-yl}ethyl]quinazolin-4-amine",,,,,,,2018,data/bronze/artifacts/2018_raw.xlsx,Sheet1,169
FSEYWDBWKFVNBU-UHFFFAOYSA-N,252,"N-[1-{5-[2-(aminomethyl)phenyl]thiophen-2-yl}ethyl]-6,7-dimethoxy-2-methylquinazolin-4-amine",,,,,,,2018,data/bronze/artifacts/2018_raw.xlsx,Sheet1,253
FTOAAWWPETZBLP-MRXNPFEDSA-N,119,"N-(3'-{(1R)-1-[(6,7-dimethoxy-2-methylquinazolin-4-yl)amino]ethyl}biphenyl-2-yl)acetamide",,,,,,,2018,data/bronze/artifacts/2018_raw.xlsx,Sheet1,120
FUCDEZZVDYSLCC-CQSZACIVSA-N,338,"6,7-dimethoxy-2-methyl-N-{(1R)-1-[3-(1-methyl-1H-pyrazol-4-yl)phenyl]ethyl}quinazolin-4-amine",,,,,,,2018,data/bronze/artifacts/2018_raw.xlsx,Sheet1,339
FVOXEIYWXVXRAQ-UHFFFAOYSA-N,180,"2-(2-(5-(1-[(6,7-dimethoxy-2-methylquinazolin-4-yl)amino]ethyl}thiophen-2-yl)phenyl]ethanol",,,,,,,2018,data/bronze/artifacts/2018_raw.xlsx,Sheet1,181
FXKVJQZAPGDCGO-UHFFFAOYSA-N,427,N-{2-[(4-{[1-(5-{2-[(dimethylamino)methyl]phenyl}thiophen-2-yl)ethyl]amino}-2-methylquinazolin-6-yl)amino]ethyl}acetamide,,,,,,,2018,data/bronze/artifacts/2018_raw.xlsx,Sheet1,428
GAHDIVZUJBIHJO-UHFFFAOYSA-N,319,"N-{1-[5-(2-{[3-(dimethylamino)azetidin-1-yl]methyl}phenyl)thiophen-2-yl]ethyl}-6,7-dimethoxy-2-methylquinazolin-4-amine",,,,,,,2018,data/bronze/artifacts/2018_raw.xlsx,Sheet1,320
GDMJHDGNOVQVHJ-UHFFFAOYSA-N,163,"N-{1-[5-(1,3-benzodioxol-5-yl)thiophen-2-yl]ethyl}-6,7-dimethoxy-2-methylquinazolin-4-amine",,,,,,,2018,data/bronze/artifacts/2018_raw.xlsx,Sheet1,164
GGGIKLLCCRIPFJ-UHFFFAOYSA-N,226,"2-[1-(5-{1-[(6,7-dimethoxy-2-methylquinazolin-4-yl)amino]ethyl}furan-2-yl)-1H-pyrazol-3-yl]ethanol",,,,,,,2018,data/bronze/artifacts/2018_raw.xlsx,Sheet1,227
GGWUIZLLZFAEQU-LLVKDONJSA-N,371,methyl4-{[(1R)-1-(3-chlorophenyl)ethyl]amino}-2-methylquinazoline-6-carboxylate,,,,,,,2018,data/bronze/artifacts/2018_raw.xlsx,Sheet1,372
GIJYDJHQMPYDKO-UHFFFAOYSA-N,443,"N-[1-(5-{4-cyclopropyl-2-[(dimethylamino)methyl]phenyl}thiophen-2-yl)ethyl]-6,7-dimethoxy-2-methylquinazolin-4-amine",,,,,,,2018,data/bronze/artifacts/2018_raw.xlsx,Sheet1,444
GJOFRQKFICQZFE-UHFFFAOYSA-N,162,"1-(5'-{1-[(6,7-dimethoxy-2-methylquinazolin-4-yl)amino]ethyl}-2,2'-bithiophen-5-yl)ethanone",,,,,,,2018,data/bronze/artifacts/2018_raw.xlsx,Sheet1,163
GKYVQKWLGKKVDV-UHFFFAOYSA-N,234,"N-[1-{5-[2-(aminomethyl)-4-fluorophenyl]thiophen-2-yl}ethyl]-6,7-dimethoxy-2-methylquinazolin-4-amine",,,,,,,2018,data/bronze/artifacts/2018_raw.xlsx,Sheet1,235
GMCVBHVEKFGLIA-UHFFFAOYSA-N,98,"N-{1-[5-(2,3-dihydro-1,4-benzodioxin-6-yl)thiophen-2-yl]ethyl}-6,7-dimethoxy-2-methylquinazolin-4-amine",,,,,,,2018,data/bronze/artifacts/2018_raw.xlsx,Sheet1,99
GMSGHBNCYCEBQO-UHFFFAOYSA-N,293,"N-[2-(5-{1-[(6,7-dimethoxy-2-methylquinazolin-4-yl)amino]ethyl}thiophen-2-yl)-5-fluorobenzyl]-1H-imidazole-2-carboxamide",,,,,,,2018,data/bronze/artifacts/2018_raw.xlsx,Sheet1,294
GOSDOQKMFWFXCH-UHFFFAOYSA-N,320,"N-[1-(5-{2-[(3,3-difluoroazetidin-1-yl)methyl]phenyl}thiophen-2-yl)ethyl]-6,7-dimethoxy-2-methylquinazolin-4-amine",,,,,,,2018,data/bronze/artifacts/2018_raw.xlsx,Sheet1,321
GPPANIJHMBJPDE-QGZVFWFLSA-N,106,"3'-{(1R)-1-[(6,7-dimethoxy-2-methylquinazolin-4-yl)amino]ethyl}-N,N-dimethylbiphenyl-3-carboxamide",,,,,,,2018,data/bronze/artifacts/2018_raw.xlsx,Sheet1,107
GQLJOKRUKWEOIC-UHFFFAOYSA-N,147,"N-{1-[5-(3,5-dimethyl-1,2-oxazol-4-yl)thiophen-2-yl]ethyl}-6,7-dimethoxy-2-methylquinazolin-4-amine",,,,,,,2018,data/bronze/artifacts/2018_raw.xlsx,Sheet1,148
GRBBRIOTPLBMQB-UHFFFAOYSA-N,144,"N-{1-[5-(5-chloro-2-propoxyphenyl)thiophen-2-yl]ethyl}-6,7-dimethoxy-2-methylquinazolin-4-amine",,,,,,,2018,data/bronze/artifacts/2018_raw.xlsx,Sheet1,145
GSJYBSKMUWDVGA-UHFFFAOYSA-N,46,"6,7-dimethoxy-2-methyl-N-(1-[5-(5-methylpyridin-3-yl)thiophen-2-yl]ethyl}quinazolin-4-amine",,,,,,,2018,data/bronze/artifacts/2018_raw.xlsx,Sheet1,47
GSZOIFTXGCECID-UHFFFAOYSA-N,218,"2-[4-(5-{1-[(6,7-dimethoxy-2-methylquinazolin-4-yl)amino]ethyl}thiophen-2-yl)-1H-pyrazol-1-yl]ethanol",,,,,,,2018,data/bronze/artifacts/2018_raw.xlsx,Sheet1,219
GUFFYDMOSHLHGZ-CYBMUJFWSA-N,204,"N-[(1R)-1-(3-cyclopropylphenyl)ethyl]-6,7-dimethoxy-2-methylquinazolin-4-amine",,,,,,,2018,data/bronze/artifacts/2018_raw.xlsx,Sheet1,205
GZMFINSACKIZLG-UHFFFAOYSA-N,220,"6,7-dimethoxy-2-methyl-N-[1-(5-{1-[2-(pyrrolidin-1-yl)ethyl]-1H-pyrazol-4-yl}thiophen-2-yl)ethyl]quinazolin-4-amine",,,,,,,2018,data/bronze/artifacts/2018_raw.xlsx,Sheet1,221
HAINANKXWNOEHU-UHFFFAOYSA-N,6,"N-[1-(6-fluoro-1H-indazol-4-yl)ethyl]-6,7-dimethoxy-2-methylquinazolin-4-amine",,,,,,,2018,data/bronze/artifacts/2018_raw.xlsx,Sheet1,7
HARYYMQPWDRGTE-OAQYLSRUSA-N,123,"N-{(1R)-1-[3'-(benzyloxy)biphenyl-3-yl]ethyl}-6,7-dimethoxy-2-methylquinazolin-4-amine",,,,,,,2018,data/bronze/artifacts/2018_raw.xlsx,Sheet1,124
HAYLOBWICGRXOX-UHFFFAOYSA-N,417,N-[1-(5-{2-[(dimethylamino)methyl]phenyl}thiophen-2-yl)ethyl]-2-methyl-6-(4-methylpiperazin-1-yl)quinazolin-4-amine,,,,,,,2018,data/bronze/artifacts/2018_raw.xlsx,Sheet1,418
HBRKAUPOQKGOBX-CQSZACIVSA-N,203,"6,7-dimethoxy-2-methyl-N-{(1R)-1-[4-(prop-1-en-2-yl)phenyl]ethyl}quinazolin-4-amine",,,,,,,2018,data/bronze/artifacts/2018_raw.xlsx,Sheet1,204
HDLMFDKWEAHJHK-CQSZACIVSA-N,339,"6,7-dimethoxy-2-methyl-N-{(1R)-1-[3-(1-methyl-1H-pyrazol-5-yl)phenyl]ethyl}quinazolin-4-amine",,,,,,,2018,data/bronze/artifacts/2018_raw.xlsx,Sheet1,340
HDPMMLKPIXGMLM-UHFFFAOYSA-N,305,"6,7-dimethoxy-2-methyl-N-[1-{5-[2-(piperazin-1-ylmethyl)phenyl]thiophen-2-yl}ethyl]quinazolin-4-amine hydrochloride",,,,,,,2018,data/bronze/artifacts/2018_raw.xlsx,Sheet1,306
HFICXWXSXCWIOO-UHFFFAOYSA-N,431,"N-[1-(4-chloro-5-{2-[(dimethylamino)methyl]phenyl}thiophen-2-yl)ethyl]-6,7-dimethoxy-2-methylquinazolin-4-amine",,,,,,,2018,data/bronze/artifacts/2018_raw.xlsx,Sheet1,432
HLIYWUOCADUHDR-UHFFFAOYSA-N,389,"N-{1-[3-(benzyloxy)phenyl]ethyl}-6,7-dimethoxy-2-methylquinazolin-4-amine",,,,,,,2018,data/bronze/artifacts/2018_raw.xlsx,Sheet1,390
HNJSEKGBVFJDRC-CQSZACIVSA-N,68,"5-(3-{(1R)-1-[(6,7-dimethoxy-2-methylquinazolin-4-yl)amino]ethyl}phenyl)pyridin-2-ol",,,,,,,2018,data/bronze/artifacts/2018_raw.xlsx,Sheet1,69
HOJZOJMWWPYDOU-QGZVFWFLSA-N,105,"6,7-dimethoxy-2-methyl-N-{(1R)-1-[3-(1-methyl-1H-indol-5-yl)phenyl]ethyl}quinazolin-4-amine",,,,,,,2018,data/bronze/artifacts/2018_raw.xlsx,Sheet1,106
HPCUJQCOSXCVRS-UHFFFAOYSA-N,174,"N-{1-[5-(2,3-dihydro-1-benzofuran-5-yl)thiophen-2-yl]ethyl}-6,7-dimethoxy-2-methylquinazolin-4-amine",,,,,,,2018,data/bronze/artifacts/2018_raw.xlsx,Sheet1,175
HRXLJTOEQVNLIS-UHFFFAOYSA-N,167,"6,7-dimethoxy-N-{1-[5-(3-methoxyphenyl)thiophen-2-yl]ethyl}-2-methylquinazolin-4-amine",,,,,,,2018,data/bronze/artifacts/2018_raw.xlsx,Sheet1,168
HUCVMXQWUOVOTJ-UHFFFAOYSA-N,333,"6,7-dimethoxy-2-methyl-N-[1-(thieno[3,2-c]pyridin-4-yl)ethyl]quinazolin-4-amine",,,,,,,2018,data/bronze/artifacts/2018_raw.xlsx,Sheet1,334
HUFJVTPJJLWZRU-UHFFFAOYSA-N,280,"2-[2-(5-{1-[(6,7-dimethoxy-2-methylquinazolin-4-yl)amino]ethyl}thiophen-2-yl)benzyl]-N,N-dimethylglycinamide",,,,,,,2018,data/bronze/artifacts/2018_raw.xlsx,Sheet1,281
HUNRNQVDIVQAGI-UHFFFAOYSA-N,20,"N-[1-(1-benzofuran-2-yl)ethyl]-6,7-dimethoxy-2-methylquinazolin-4-amine",,,,,,,2018,data/bronze/artifacts/2018_raw.xlsx,Sheet1,21
HVJBCUPESFFKIU-UHFFFAOYSA-N,294,"N-[2-(5-{1-[(6,7-dimethoxy-2-methylquinazolin-4-yl)amino]ethyl}thiophen-2-yl)-5-fluorobenzyl]-1H-imidazole-5-carboxamide",,,,,,,2018,data/bronze/artifacts/2018_raw.xlsx,Sheet1,295
HWLKEBNKUOKQSE-UHFFFAOYSA-N,14,"N-[1-(1,3-benzothiazol-4-yl)ethyl]-6,7-dimethoxy-2-methylquinazolin-4-amine",,,,,,,2018,data/bronze/artifacts/2018_raw.xlsx,Sheet1,15
HYNRYXWOFJUTOW-UHFFFAOYSA-N,272,"N-{1-[4-(6,7-dihydro-5H-pyrrolo[1,2-a]imidazol-3-yl)thiophen-2-yl]ethyl}-6,7-dimethoxy-2-methylquinazolin-4-amine",,,,,,,2018,data/bronze/artifacts/2018_raw.xlsx,Sheet1,273
IAKXPXCWYXUICC-UHFFFAOYSA-N,214,"N-[1-(5-bromo-2,3-dihydro-1-benzofuran-7-yl)ethyl]-6,7-dimethoxy-2-methylquinazolin-4-amine",,,,,,,2018,data/bronze/artifacts/2018_raw.xlsx,Sheet1,215
IAKXPXCWYXUICC-UHFFFAOYSA-N,225,"N-[1-(5-bromo-2,3-dihydro-1-benzofuran-7-yl)ethyl]-6,7-dimethoxy-2-methylquinazolin-4-amine",,,,,,,2018,data/bronze/artifacts/2018_raw.xlsx,Sheet1,226
ICXADKPDUBLSJX-CYBMUJFWSA-N,335,"6,7-dimethoxy-2-methyl-N-{(1R)-1-[3-(5-methyl-1H-pyrazol-4-yl)phenyl]ethyl}quinazolin-4-amine",,,,,,,2018,data/bronze/artifacts/2018_raw.xlsx,Sheet1,336
IDKGUFPWLCRAFZ-UHFFFAOYSA-N,403,"1-(2-(5-(1-[(6,7-dimethoxy-2-methylquinazolin-4-yl)amino]ethyl}thiophen-2-yl)phenyl]ethane-1,2-diol",,,,,,,2018,data/bronze/artifacts/2018_raw.xlsx,Sheet1,404
IGPIZNWVIRFBSW-UHFFFAOYSA-N,9,"6,7-dimethoxy-2-methyl-N-[1-(2-methyl-2H-indazol-4-yl)ethyl]quinazolin-4-amine",,,,,,,2018,data/bronze/artifacts/2018_raw.xlsx,Sheet1,10
IHEVPLZYSFMSIE-GOSISDBHSA-N,94,"N-[(1R)-1-(2',4'-dimethylbiphenyl-3-yl)ethyl]-6,7-dimethoxy-2-methylquinazolin-4-amine",,,,,,,2018,data/bronze/artifacts/2018_raw.xlsx,Sheet1,95
IHNQUZPNDJYULX-QGZVFWFLSA-N,39,"N-{(1R)-1-[3-(isoquinolin-5-yl)phenyl]ethyl}-6,7-dimethoxy-2-methylquinazolin-4-amine",,,,,,,2018,data/bronze/artifacts/2018_raw.xlsx,Sheet1,40
IIUURHBXTCANIG-CYBMUJFWSA-N,30,6-{[dimethyl(oxido)-lambda6-sulfanylidene]amino}-2-methyl-N-[(1R)-1-phenylethyl]quinazolin-4-amine,,,,,,,2018,data/bronze/artifacts/2018_raw.xlsx,Sheet1,31
IKEIYJTXUIWFQV-UHFFFAOYSA-N,434,4-(4-{[1-(5-bromothiophen-2-yl)ethyl]amino}-2-methylquinazolin-6-yl)-1-methylpiperazin-2-one,,,,,,,2018,data/bronze/artifacts/2018_raw.xlsx,Sheet1,435
ILBDYJDLRMLFEG-OAHLLOKOSA-N,348,7-methoxy-6-(2-methoxyethoxy)-2-methyl-N-{(1R)-1-[3-(1H-pyrazol-4-yl)phenyl]ethyl}quinazolin-4-amine,,,,,,,2018,data/bronze/artifacts/2018_raw.xlsx,Sheet1,349
ILHQYWGWEFDBFU-UHFFFAOYSA-N,420,N-(4-{[1-(5-{2-[(dimethylamino)methyl]phenyl}thiophen-2-yl)ethyl]amino}-2-methylquinazolin-6-yl)acetamide,,,,,,,2018,data/bronze/artifacts/2018_raw.xlsx,Sheet1,421
IMFMHKYEEDHSEL-UHFFFAOYSA-N,129,"6,7-dimethoxy-2-methyl-N-{1-[5-(1H-pyrrolo[2,3-b]pyridin-5-yl)thiophen-2-yl]ethyl}quinazolin-4-amine",,,,,,,2018,data/bronze/artifacts/2018_raw.xlsx,Sheet1,130
IOFLIMFZYOFGGY-UHFFFAOYSA-N,166,"N-[2-(5-{1-[(6,7-dimethoxy-2-methylquinazolin-4-yl)amino]ethyl}thiophen-2-yl)phenyl]acetamide",,,,,,,2018,data/bronze/artifacts/2018_raw.xlsx,Sheet1,167
IPCWSAGFRSDVID-UHFFFAOYSA-N,136,"N-{1-[5-(2-butoxy-6-fluorophenyl)thiophen-2-yl]ethyl}-6,7-dimethoxy-2-methylquinazolin-4-amine",,,,,,,2018,data/bronze/artifacts/2018_raw.xlsx,Sheet1,137
IQKRWXFQOPYESU-CYBMUJFWSA-N,334,"N-{(1R)-1-[3-(3,5-dimethyl-1H-pyrazol-4-yl)phenyl]ethyl}-6,7-dimethoxy-2-methylquinazolin-4-amine",,,,,,,2018,data/bronze/artifacts/2018_raw.xlsx,Sheet1,335
IUTRWILPGXTCSM-UHFFFAOYSA-N,237,"methyl3-(5-{1-[(6,7-dimethoxy-2-methylquinazolin-4-yl)amino]ethyl}thiophen-2-yl)-1-methyl-1H-pyrazole-5-carboxylate",,,,,,,2018,data/bronze/artifacts/2018_raw.xlsx,Sheet1,238
IVKKYSGRSWHKHW-UHFFFAOYSA-N,383,"N-[2-(5-{1-[(6,7-dimethoxy-2-methylquinazolin-4-yl)amino]ethyl}thiophen-2-yl)-5-fluorobenzyl]-2-methoxyacetamide",,,,,,,2018,data/bronze/artifacts/2018_raw.xlsx,Sheet1,384
IWKUWQHVHPGHMC-GFCCVEGCSA-N,345,7-methoxy-2-methyl-4-({(1R)-1-[3-(1H-pyrazol-4-yl)phenyl]ethyl}amino)quinazolin-6-ol,,,,,,,2018,data/bronze/artifacts/2018_raw.xlsx,Sheet1,346
IWQNEWCIEFQCPB-UHFFFAOYSA-N,418,N-[1-(5-{2-[(dimethylamino)methyl]phenyl}thiophen-2-yl)ethyl]-6-[3-(dimethylamino)pyrrolidin-1-yl]-2-methylquinazolin-4-amine,,,,,,,2018,data/bronze/artifacts/2018_raw.xlsx,Sheet1,419
IZNGEKGUENECSE-OAHLLOKOSA-N,84,"6,7-dimethoxy-2-methyl-N-{(1R)-1-[3'-(trifluoromethoxy)biphenyl-3-yl]ethyl}quinazolin-4-amine",,,,,,,2018,data/bronze/artifacts/2018_raw.xlsx,Sheet1,85
IZSFCKTXQNZOCJ-UHFFFAOYSA-N,307,"N-[2-(5-{1-[(6,7-dimethoxy-2-methylquinazolin-4-yl)amino]ethyl}thiophen-2-yl)-5-fluorobenzyl]acetamide",,,,,,,2018,data/bronze/artifacts/2018_raw.xlsx,Sheet1,308
IZXCFLBTRJVMCY-UHFFFAOYSA-N,259,"N-[1-{5-[2-(aminomethyl)phenyl]thiophen-3-yl}ethyl]-6,7-dimethoxy-2-methylquinazolin-4-amine",,,,,,,2018,data/bronze/artifacts/2018_raw.xlsx,Sheet1,260
JADAXMLWJLZYIZ-UHFFFAOYSA-N,387,"tert-butyl[4-chloro-2-(5-{1-[(6,7-dimethoxy-2-methylquinazolin-4-yl)amino]ethyl}thiophen-2-yl)benzyl]carbamate",,,,,,,2018,data/bronze/artifacts/2018_raw.xlsx,Sheet1,388
JAPHDLMXZMOIPU-LJQANCHMSA-N,74,"3'-{(1R)-1-[(6,7-dimethoxy-2-methylquinazolin-4-yl)amino]ethyl}-N-[2-(dimethylamino)ethyl]biphenyl-4-carboxamide",,,,,,,2018,data/bronze/artifacts/2018_raw.xlsx,Sheet1,75
JGYDDRSZMPSNNG-UHFFFAOYSA-N,313,"2-[2-(5-{1-[(6,7-dimethoxy-2-methylquinazolin-4-yl)amino]ethyl}thiophen-2-yl)benzyl]-2,5,7-triazaspiro[34]octan-6-one",,,,,,,2018,data/bronze/artifacts/2018_raw.xlsx,Sheet1,314
JHVIFTSYKUQOKT-CQSZACIVSA-N,1,"6,7-dimethoxy-2-methyl-N-[(1R)-1-(naphthalen-1-yl)ethyl]quinazolin-4-amine",,,,,,,2018,data/bronze/artifacts/2018_raw.xlsx,Sheet1,2
JIQSQMRLUXFQLZ-UHFFFAOYSA-N,374,"[2-(5-{1-[(6,7-dimethoxy-2-methylquinazolin-4-yl)amino]ethyl}thiophen-2-yl)phenyl](phenyl)methanol",,,,,,,2018,data/bronze/artifacts/2018_raw.xlsx,Sheet1,375
JMUVGAKIVRLFOH-QGZVFWFLSA-N,71,"N-[(3'-{(1R)-1-[(6,7-dimethoxy-2-methylquinazolin-4-yl)amino]ethyl}biphenyl-3-yl)methyl]methanesulfonamide",,,,,,,2018,data/bronze/artifacts/2018_raw.xlsx,Sheet1,72
JPBZXJAFVKEREA-UHFFFAOYSA-N,243,"N-{1-[5-(2-aminophenyl)thiophen-2-yl]ethyl}-6,7-dimethoxy-2-methylquinazolin-4-amine",,,,,,,2018,data/bronze/artifacts/2018_raw.xlsx,Sheet1,244
JQCBBOKOLXHTOX-UHFFFAOYSA-N,240,"2-(5-{1-[(6,7-dimethoxy-2-methylquinazolin-4-yl)amino]ethyl}thiophen-2-yl)benzamide",,,,,,,2018,data/bronze/artifacts/2018_raw.xlsx,Sheet1,241
JTGNERAIQFBOPT-GFCCVEGCSA-N,188,"6,7-dimethoxy-2-methyl-N-{(1R)-1-[4-(methylsulfonyl)phenyl]ethyl}quinazolin-4-amine",,,,,,,2018,data/bronze/artifacts/2018_raw.xlsx,Sheet1,189
JUVXGTLLNDBQKZ-UHFFFAOYSA-N,436,"methyl2-[2-(5-{1-[(6,7-dimethoxy-2-methylquinazolin-4-yl)amino]ethyl}-thiophen-2-yl)phenyl]-2-methylpropanoate",,,,,,,2018,data/bronze/artifacts/2018_raw.xlsx,Sheet1,437
JXBXTQVBHJXGGB-UHFFFAOYSA-N,400,"N-[1-(5-{2-[(dimethylamino)methyl]phenyl}-4-methyl-2-thienyl)ethyl]-6,7-dimethoxy-2-methylquinazolin-4-amine",,,,,,,2018,data/bronze/artifacts/2018_raw.xlsx,Sheet1,401
KAIJJWUDMJMBJH-UHFFFAOYSA-N,384,"N-(1-(5-(4-bromo-2-((dimethylamino)methyl)phenyl)thiophen-2-yl)ethyl)-6,7-dimethoxy-2-methylquinazolin-4-amine",,,,,,,2018,data/bronze/artifacts/2018_raw.xlsx,Sheet1,385
KCWVBFCVZZZLBJ-MRXNPFEDSA-N,41,"6,7-dimethoxy-2-methyl-N-{(1R)-1-[3-(5-methylpyridin-3-yl)phenyl]ethyl}quinazolin-4-amine",,,,,,,2018,data/bronze/artifacts/2018_raw.xlsx,Sheet1,42
KDDBYPMKLONKLL-UHFFFAOYSA-N,232,"N-{1-[5-(2-ethoxyphenyl)thiophen-2-yl]ethyl}-6,7-dimethoxy-2-methylquinazolin-4-amine",,,,,,,2018,data/bronze/artifacts/2018_raw.xlsx,Sheet1,233
KDWOUCCRBHTYJL-LLVKDONJSA-N,187,"N-[(1R)-1-(4-bromophenyl)ethyl]-6,7-dimethoxy-2-methylquinazolin-4-amine",,,,,,,2018,data/bronze/artifacts/2018_raw.xlsx,Sheet1,188
KGBPYLAJWPOBTP-SNVBAGLBSA-N,372,4-{[(1R)-1-(3-chlorophenyl)ethyl]amino}-2-methylquinazoline-6-carboxylicacid,,,,,,,2018,data/bronze/artifacts/2018_raw.xlsx,Sheet1,373
KIFSDVQZBNWVSO-UHFFFAOYSA-N,182,"6,7-dimethoxy-2-methyl-N-[1-(5-[2-(2-oxa-6-azaspiro[33]hept-6-ylmethyl)phenyl]thiophen-2-yl}ethyl]quinazolin-4-amine",,,,,,,2018,data/bronze/artifacts/2018_raw.xlsx,Sheet1,183
KIXWDXQPIGKRDE-LLVKDONJSA-N,191,"N-[(1R)-1-(3-bromophenyl)ethyl]-6,7-dimethoxy-2-methylquinazolin-4-amine",,,,,,,2018,data/bronze/artifacts/2018_raw.xlsx,Sheet1,192
KMOHEMSXIBUXHM-UHFFFAOYSA-N,416,N-[1-(5-bromothiophen-2-yl)ethyl]-2-methyl-6-(4-methylpiperazin-1-yl)quinazolin-4-amine,,,,,,,2018,data/bronze/artifacts/2018_raw.xlsx,Sheet1,417
KNFSYVKMKRWBET-UHFFFAOYSA-N,265,"N-[1-{5-[3-(aminomethyl)phenyl]thiophen-2-yl}ethyl]-6,7-dimethoxy-2-methylquinazolin-4-amine",,,,,,,2018,data/bronze/artifacts/2018_raw.xlsx,Sheet1,266
KOIGBYQTYGEGFR-UHFFFAOYSA-N,17,"6,7-dimethoxy-2-methyl-N-[1-(1-methyl-1H-indazol-4-yl)ethyl]quinazolin-4-amine",,,,,,,2018,data/bronze/artifacts/2018_raw.xlsx,Sheet1,18
KSPQELRINQRDRU-SNVBAGLBSA-N,363,6-bromo-N-[(1R)-1-(3-chlorophenyl)ethyl]-2-methylquinazolin-4-amine,,,,,,,2018,data/bronze/artifacts/2018_raw.xlsx,Sheet1,364
KSVMCPWJQHFKPW-UHFFFAOYSA-N,441,1-benzyl-4-(4-{[1-(5-bromothiophen-2-yl)ethyl]amino}-2-methylquinazolin-6-yl)piperazin-2-one,,,,,,,2018,data/bronze/artifacts/2018_raw.xlsx,Sheet1,442
KTCKACDEGBSNOH-MJTSIZKDSA-N,58,"N-{(1R)-1-[3-(2,2-dimethylcyclopropyl)phenyl]ethyl}-6,7-dimethoxy-2-methylquinazolin-4-amine",,,,,,,2018,data/bronze/artifacts/2018_raw.xlsx,Sheet1,59
KUXYFCYXAKPCSI-UHFFFAOYSA-N,298,"2-{[2-(5-{1-[(6,7-dimethoxy-2-methylquinazolin-4-yl)amino]ethyl}thiophen-2-yl)benzyl](methyl)amino}ethanol",,,,,,,2018,data/bronze/artifacts/2018_raw.xlsx,Sheet1,299
KWMTVSOOPBYOMJ-CQSZACIVSA-N,186,2-methyl-N-[(1R)-1-(naphthalen-1-yl)ethyl]quinazolin-4-amine,,,,,,,2018,data/bronze/artifacts/2018_raw.xlsx,Sheet1,187
KXUBJVGJENQSMG-MRXNPFEDSA-N,193,"N-[(1R)-1-(biphenyl-3-yl)ethyl]-6,7-dimethoxy-2-methylquinazolin-4-amine",,,,,,,2018,data/bronze/artifacts/2018_raw.xlsx,Sheet1,194
KYHIYIXHIDSVNM-UHFFFAOYSA-N,164,"6,7-dimethoxy-2-methyl-N-{1-[5-(4-methyl-3,4-dihydro-2H-1,4-benzoxazin-7-yl)thiophen-2-yl]ethyl}quinazolin-4-amine",,,,,,,2018,data/bronze/artifacts/2018_raw.xlsx,Sheet1,165
KYSIUGKAPVEMTL-UHFFFAOYSA-N,322,"N-[1-(5-{2-[(3-fluoroazetidin-1-yl)methyl]phenyl}thiophen-2-yl)ethyl]-6,7-dimethoxy-2-methylquinazolin-4-amine",,,,,,,2018,data/bronze/artifacts/2018_raw.xlsx,Sheet1,323
KZDWOONBRHFGOD-CYBMUJFWSA-N,336,"N-{(1R)-1-[3-(3,5-dimethyl-1,2-oxazol-4-yl)phenyl]ethyl}-6,7-dimethoxy-2-methylquinazolin-4-amine",,,,,,,2018,data/bronze/artifacts/2018_raw.xlsx,Sheet1,337
LBYORPPUQIKBIP-KAUXGEHWSA-N,114,"6,7-dimethoxy-2-methyl-N-[(1R)-1-{3-[(E)-2-phenylethenyl]phenyl}ethyl]quinazolin-4-amine",,,,,,,2018,data/bronze/artifacts/2018_raw.xlsx,Sheet1,115
LCRKXKBLICOCDJ-MRXNPFEDSA-N,112,"6,7-dimethoxy-2-methyl-N-{(1R)-1-[3'-(methylsulfonyl)biphenyl-3-yl]ethyl}quinazolin-4-amine",,,,,,,2018,data/bronze/artifacts/2018_raw.xlsx,Sheet1,113
LCXQMPYGWCRAHG-UHFFFAOYSA-N,183,"N-[1-(5-bromo-4-methylthiophen-2-yl)ethyl]-6,7-dimethoxy-2-methylquinazolin-4-amine",,,,,,,2018,data/bronze/artifacts/2018_raw.xlsx,Sheet1,184
LEESUXLARQUBHF-UHFFFAOYSA-N,4,"N-[1-(1-benzofuran-7-yl)ethyl]-6,7-dimethoxy-2-methylquinazolin-4-amine",,,,,,,2018,data/bronze/artifacts/2018_raw.xlsx,Sheet1,5
LENFUGSNJMVBNJ-UHFFFAOYSA-N,425,"N4-[1-(5-bromo-2-thienyl)ethyl]-2-methyl-N6-[2-(morpholin-4-yl)ethyl]-quinazoline-4,6-diamine",,,,,,,2018,data/bronze/artifacts/2018_raw.xlsx,Sheet1,426
LFMYFGGRKNJBFR-GFCCVEGCSA-N,198,"6,7-dimethoxy-2-methyl-N-{(1R)-1-[3-(methylsulfonyl)phenyl]ethyl}quinazolin-4-amine",,,,,,,2018,data/bronze/artifacts/2018_raw.xlsx,Sheet1,199
LGABZJQICDTKCT-UHFFFAOYSA-N,303,"1-(3,4-dihydroisoquinolin-2(1H)-yl)-2-{[2-(5-{1-[(6,7-dimethoxy-2-methylquinazolin-4-yl)amino]ethyl}thiophen-2-yl)benzyl]amino}ethanone",,,,,,,2018,data/bronze/artifacts/2018_raw.xlsx,Sheet1,304
LHFMITAMXBNGKY-GFCCVEGCSA-N,194,"3-{(1R)-1-[(6,7-dimethoxy-2-methylquinazolin-4-yl)amino]ethyl}benzonitrile",,,,,,,2018,data/bronze/artifacts/2018_raw.xlsx,Sheet1,195
LHIRCJAHIREOGV-PDFOZTTASA-N,93,"(2E)-3-(3'-{(1R)-1-[(6,7-dimethoxy-2-methylquinazolin-4-yl)amino]ethyl}biphenyl-3-yl)prop-2-enenitrile",,,,,,,2018,data/bronze/artifacts/2018_raw.xlsx,Sheet1,94
LMRKFCOGCLQTBC-UHFFFAOYSA-N,408,"tert-butyl[3-chloro-2-(5-{1-[(6,7-dimethoxy-2-methylquinazolin-4-yl)amino]ethyl}thiophen-2-yl)benzyl]carbamate",,,,,,,2018,data/bronze/artifacts/2018_raw.xlsx,Sheet1,409
LOVVMAHRMJHCQF-UHFFFAOYSA-N,19,"N-[1-(2,3-dihydro-1,4-benzodioxin-6-yl)ethyl]-6,7-dimethoxy-2-methylquinazolin-4-amine",,,,,,,2018,data/bronze/artifacts/2018_raw.xlsx,Sheet1,20
LSNMUYLBXDNFDE-GFCCVEGCSA-N,32,6-{[dimethyl(oxido)-lambda6-sulfanylidene]amino}-N-[(1R)-1-(4-fluorophenyl)ethyl]-2-methylquinazolin-4-amine,,,,,,,2018,data/bronze/artifacts/2018_raw.xlsx,Sheet1,33
LTCKGESDIZLNHT-GFCCVEGCSA-N,396,"N-[(1R)-1-(3-chlorophenyl)ethyl]-6-methoxy-2,8-dimethylquinazolin-4-amine",,,,,,,2018,data/bronze/artifacts/2018_raw.xlsx,Sheet1,397
LUHZJPYMBKIIAF-UHFFFAOYSA-N,385,"thiophen-2-yl)ethyl)-6,7-dimethoxy-2-methylquinazolin-4-amine",,,,,,,2018,data/bronze/artifacts/2018_raw.xlsx,Sheet1,386
LUJDYCHZQXINAP-UHFFFAOYSA-N,22,"N-[1-(2,3-dihydro-1-benzofuran-4-yl)ethyl]-6,7-dimethoxy-2-methylquinazolin-4-amine",,,,,,,2018,data/bronze/artifacts/2018_raw.xlsx,Sheet1,23
LVCFIWHXFYMXPS-GOSISDBHSA-N,69,"2-(3'-{(1R)-1-[(6,7-dimethoxy-2-methylquinazolin-4-yl)amino]ethyl}biphenyl-4-yl)-2-methylpropanenitrile",,,,,,,2018,data/bronze/artifacts/2018_raw.xlsx,Sheet1,70
LXGKRVGKOIUFHV-UHFFFAOYSA-N,315,"N-{1-[5-(2-{[(2,2-difluoroethyl)amino]methyl}phenyl)thiophen-2-yl]ethyl}-6,7-dimethoxy-2-methylquinazolin-4-amine",,,,,,,2018,data/bronze/artifacts/2018_raw.xlsx,Sheet1,316
LXQYVSBTVUUJRZ-UHFFFAOYSA-N,28,"2-{1-[(6,7-dimethoxy-2-methylquinazolin-4-yl)amino]ethyl}-1-benzofuran-7-ol",,,,,,,2018,data/bronze/artifacts/2018_raw.xlsx,Sheet1,29
LXVUBACYWFZLBF-CQSZACIVSA-N,37,"6,7-dimethoxy-2-methyl-N-{(1R)-1-[3-(pyrimidin-5-yl)phenyl]ethyl}quinazolin-4-amine",,,,,,,2018,data/bronze/artifacts/2018_raw.xlsx,Sheet1,38
LYJGXCVFUXNWQI-UHFFFAOYSA-N,172,"6,7-dimethoxy-N-{1-[5-(2-methoxypyrimidin-5-yl)thiophen-2-yl]ethyl}-2-methylquinazolin-4-amine",,,,,,,2018,data/bronze/artifacts/2018_raw.xlsx,Sheet1,173
MCBPJAANPOFQCO-UHFFFAOYSA-N,410,"4-(5-{1-[(6,7-dimethoxy-2-methylquinazolin-4-yl)amino]ethyl}-2-thienyl)pyridin-2-ol",,,,,,,2018,data/bronze/artifacts/2018_raw.xlsx,Sheet1,411
MCUFJDOJCMBPRM-UHFFFAOYSA-N,386,"6,7-dimethoxy-2-methyl-N-(1-{5-[2-methyl-4-(trifluoromethyl)phenyl]-2-thienyl}ethyl)quinazolin-4-amine",,,,,,,2018,data/bronze/artifacts/2018_raw.xlsx,Sheet1,387
MDXFMNHNNJLBJY-VOTSOKGWSA-N,177,"6,7-dimethoxy-2-methyl-N-[1-{5-[(1E)-prop-1-en-1-yl]thiophen-2-yl}ethyl]quinazolin-4-amine",,,,,,,2018,data/bronze/artifacts/2018_raw.xlsx,Sheet1,178
MGGJYKZUZFIJPO-GFCCVEGCSA-N,260,"N-{(1R)-1-[3-(aminomethyl)phenyl]ethyl}-6,7-dimethoxy-2-methylquinazolin-4-amine",,,,,,,2018,data/bronze/artifacts/2018_raw.xlsx,Sheet1,261
MHSKOIHYIUTKNM-UHFFFAOYSA-N,447,"tert-butyl[(5'-{1-[(6,7-dimethoxy-2-methylquinazolin-4-yl)amino]ethyl}-2,2'-bithiophen-5-yl)methyl]carbamate",,,,,,,2018,data/bronze/artifacts/2018_raw.xlsx,Sheet1,448
MIXCOBAMNCNRBY-UHFFFAOYSA-N,352,"tert-butyl{2-[2-(5-{1-[(6,7-dimethoxy-2-methylquinazolin-4-yl)amino]ethyl}thiophen-2-yl)phenyl]ethyl}carbamate",,,,,,,2018,data/bronze/artifacts/2018_raw.xlsx,Sheet1,353
MMSMFMAVJNPOIJ-CYBMUJFWSA-N,406,N-[(1R)-1-(3-chlorophenyl)ethyl]-2-methyl-6-(1-methyl-1H-pyrazol-4-yl)quinazolin-4-amine,,,,,,,2018,data/bronze/artifacts/2018_raw.xlsx,Sheet1,407
MMYMOUWONPVNLE-UHFFFAOYSA-N,398,"N-[1-{5-[2-(aminomethyl)-4-chlorophenyl]thiophen-2-yl}ethyl]-6,7-dimethoxy-2-methylquinazolin-4-amine",,,,,,,2018,data/bronze/artifacts/2018_raw.xlsx,Sheet1,399
MNPXWZFBPKAINT-UHFFFAOYSA-N,49,"6,7-dimethoxy-2-methyl-N-{1-[5-(1-methyl-1H-indol-5-yl)thiophen-2-yl]ethyl}quinazolin-4-amine",,,,,,,2018,data/bronze/artifacts/2018_raw.xlsx,Sheet1,50
MPGFXRMHUKUZMD-MRXNPFEDSA-N,393,"2-(3'-{(1R)-1-[(6,7-dimethoxy-2-methylquinazolin-4-yl)amino]ethyl}biphenyl-2-yl)acetamide",,,,,,,2018,data/bronze/artifacts/2018_raw.xlsx,Sheet1,394
MQPLQHCGDLKOSQ-UHFFFAOYSA-N,306,"tert-butyl4-[2-(5-{1-[(6,7-dimethoxy-2-methylquinazolin-4-yl)amino]ethyl}thiophen-2-yl)benzyl]piperazine-1-carboxylate",,,,,,,2018,data/bronze/artifacts/2018_raw.xlsx,Sheet1,307
MTJONMDFSKCUQB-UHFFFAOYSA-N,140,"N-[4-(5-{1-[(6,7-dimethoxy-2-methylquinazolin-4-yl)amino]ethyl}thiophen-2-yl)benzyl]methanesulfonamide",,,,,,,2018,data/bronze/artifacts/2018_raw.xlsx,Sheet1,141
MUTDZCRGVFUJTM-QGZVFWFLSA-N,104,"6,7-dimethoxy-N-{(1R)-1-[2'-(methoxymethyl)biphenyl-3-yl]ethyl}-2-methylquinazolin-4-amine",,,,,,,2018,data/bronze/artifacts/2018_raw.xlsx,Sheet1,105
MVUSMIMLHTXBMX-GFCCVEGCSA-N,404,"N-[(1R)-1-(3-chlorophenyl)ethyl]-2,6-dimethylquinazolin-4-amine",,,,,,,2018,data/bronze/artifacts/2018_raw.xlsx,Sheet1,405
MZMSCSMZXBMLLI-QGZVFWFLSA-N,88,"6,7-dimethoxy-2-methyl-N-{(1R)-1-[3-(1-methyl-1H-indol-2-yl)phenyl]ethyl}quinazolin-4-amine",,,,,,,2018,data/bronze/artifacts/2018_raw.xlsx,Sheet1,89
NABWLYFAPYHMTH-UHFFFAOYSA-N,27,"N-[1-(1-benzothiophen-3-yl)ethyl]-6,7-dimethoxy-2-methylquinazolin-4-amine",,,,,,,2018,data/bronze/artifacts/2018_raw.xlsx,Sheet1,28
NBTFBCMKXSBWPB-UHFFFAOYSA-N,11,"6,7-dimethoxy-2-methyl-N-[1-(5,6,7,8-tetrahydronaphthalen-1-yl)ethyl]quinazolin-4-amine",,,,,,,2018,data/bronze/artifacts/2018_raw.xlsx,Sheet1,12
NIKRKPYUTVWZTF-UHFFFAOYSA-N,449,"tert-butyl[5-chloro-2-(5-{1-[(6,7-dimethoxy-2-methylquinazolin-4-yl)amino]ethyl}thiophen-2-yl)benzyl]carbamate",,,,,,,2018,data/bronze/artifacts/2018_raw.xlsx,Sheet1,450
NIPBUSMRKBDTSC-UHFFFAOYSA-N,179,"1-[2-(5-(1-[(6,7-dimethoxy-2-methylquinazolin-4-yl)amino]ethyl}thiophen-2-yl)benzyl]piperidine-4-carboxamide",,,,,,,2018,data/bronze/artifacts/2018_raw.xlsx,Sheet1,180
NKABNARNBNRPKL-UHFFFAOYSA-N,321,"6,7-dimethoxy-2-methyl-N-{1-[5-(2-{[methyl(2,2,2-trifluoroethyl)amino]methyl}phenyl)thiophen-2-yl]ethyl}quinazolin-4-amine",,,,,,,2018,data/bronze/artifacts/2018_raw.xlsx,Sheet1,322
NLEIBEOSSKCLHA-MRXNPFEDSA-N,120,"6,7-dimethoxy-2-methyl-N-{(1R)-1-[2'-(methylsulfonyl)biphenyl-3-yl]ethyl}quinazolin-4-amine",,,,,,,2018,data/bronze/artifacts/2018_raw.xlsx,Sheet1,121
NLUDSYSRDYXUQF-UHFFFAOYSA-N,452,N-[1-(5-bromothiophen-2-yl)ethyl]-2-methyl-6-nitroquinazolin-4-amine,,,,,,,2018,data/bronze/artifacts/2018_raw.xlsx,Sheet1,453
NMALWZOXQSFZED-UHFFFAOYSA-N,454,"3-amino-3-[2-(5-{1-[(6,7-dimethoxy-2-methylquinazolin-4-yl)amino]ethyl}-3-thienyl)phenyl]propanoicacid",,,,,,,2018,data/bronze/artifacts/2018_raw.xlsx,Sheet1,455
NNSTZGJEHNPVTP-UHFFFAOYSA-N,266,"N-[1-{5-[4-(aminomethyl)phenyl]thiophen-2-yl}ethyl]-6,7-dimethoxy-2-methylquinazolin-4-amine",,,,,,,2018,data/bronze/artifacts/2018_raw.xlsx,Sheet1,267
NPWXKTOJKBULMV-LLVKDONJSA-N,453,methyl4-{[(1R)-1-(3-chlorophenyl)ethyl]amino}-2-methylquinazoline-7-carboxylate,,,,,,,2018,data/bronze/artifacts/2018_raw.xlsx,Sheet1,454
NQLSACVRDWBJSD-UHFFFAOYSA-N,302,"6,7-dimethoxy-2-methyl-N-[1-(5-{2-[(1H-pyrazol-3-ylamino)methyl]phenyl}thiophen-2-yl)ethyl]quinazolin-4-amine",,,,,,,2018,data/bronze/artifacts/2018_raw.xlsx,Sheet1,303
NQRZJOCIDOPICB-UHFFFAOYSA-N,377,"1-[2-(5-{1-[(6,7-dimethoxy-2-methylquinazolin-4-yl)amino]ethyl}thiophen-2-yl)phenyl]pentan-1-ol",,,,,,,2018,data/bronze/artifacts/2018_raw.xlsx,Sheet1,378
NQUDJWTYNKJPNM-OAHLLOKOSA-N,346,6-(cyclopropylmethoxy)-7-methoxy-2-methyl-N-{(1R)-1-[3-(1H-pyrazol-4-yl)phenyl]ethyl}quinazolin-4-amine,,,,,,,2018,data/bronze/artifacts/2018_raw.xlsx,Sheet1,347
NQWILBHQQOINPZ-UHFFFAOYSA-N,35,"6,7-dimethoxy-N-[1-(6-methoxy-2-naphthyl)ethyl]-2-methylquinazolin-4-amine",,,,,,,2018,data/bronze/artifacts/2018_raw.xlsx,Sheet1,36
NRKOXEXPXZDAGA-UHFFFAOYSA-N,285,"2-{[2-(5-{1-[(6,7-dimethoxy-2-methylquinazolin-4-yl)amino]ethyl}thiophen-2-yl)benzyl]amino}-1-(morpholin-4-yl)ethanone",,,,,,,2018,data/bronze/artifacts/2018_raw.xlsx,Sheet1,286
NRZUEQHDZNRPKZ-UHFFFAOYSA-N,289,"2-[2-(5-{1-[(6,7-dimethoxy-2-methylquinazolin-4-yl)amino]ethyl}thiophen-2-yl)benzyl]-N-phenylglycinamide",,,,,,,2018,data/bronze/artifacts/2018_raw.xlsx,Sheet1,290
NUDDPOWEMMWDMN-UHFFFAOYSA-N,152,"N-{1-[5-(1H-indol-5-yl)thiophen-2-yl]ethyl}-6,7-dimethoxy-2-methylquinazolin-4-amine",,,,,,,2018,data/bronze/artifacts/2018_raw.xlsx,Sheet1,153
NUDSEAJARRLHRZ-UHFFFAOYSA-N,413,"4-(5-{1-[(6,7-dimethoxy-2-methylquinazolin-4-yl)amino]ethyl}thiophen-2-yl)-3-[(dimethylamino)methyl]benzonitrile",,,,,,,2018,data/bronze/artifacts/2018_raw.xlsx,Sheet1,414
NUFTZISADFCNGU-GFCCVEGCSA-N,189,"4-{(1R)-1-[(6,7-dimethoxy-2-methylquinazolin-4-yl)amino]ethyl}benzonitrile",,,,,,,2018,data/bronze/artifacts/2018_raw.xlsx,Sheet1,190
NXKNFKATWLVNTC-UHFFFAOYSA-N,142,"4-(5-{1-[(6,7-dimethoxy-2-methylquinazolin-4-yl)amino]ethyl}thiophen-2-yl)-N-[2-(dimethylamino)ethyl]benzamide",,,,,,,2018,data/bronze/artifacts/2018_raw.xlsx,Sheet1,143
NXRMDWBJIGTGOQ-MRXNPFEDSA-N,125,"N-{(1R)-1-[3-(2,3-dihydro-1,4-benzodioxin-6-yl)phenyl]ethyl}-6,7-dimethoxy-2-methylquinazolin-4-amine",,,,,,,2018,data/bronze/artifacts/2018_raw.xlsx,Sheet1,126
OAQSSTJFOQLGQM-UHFFFAOYSA-N,236,"tert-butyl{[5-(5-(1-[(6,7-dimethoxy-2-methylquinazolin-4-yl)amino]ethyl}thiophen-2-yl)furan-2-yl]methyl}carbamate",,,,,,,2018,data/bronze/artifacts/2018_raw.xlsx,Sheet1,237
OBUJXLDJWVMFAR-UHFFFAOYSA-N,207,"6,7-dimethoxy-2-methyl-N-[1-(thiophen-2-yl)ethyl]quinazolin-4-amine",,,,,,,2018,data/bronze/artifacts/2018_raw.xlsx,Sheet1,208
OBUJXLDJWVMFAR-UHFFFAOYSA-N,347,"6,7-dimethoxy-2-methyl-N-[1-(thiophen-2-yl)ethyl]quinazolin-4-amine",,,,,,,2018,data/bronze/artifacts/2018_raw.xlsx,Sheet1,348
OCFZSGKZYAULBZ-CYBMUJFWSA-N,62,"N-{(1R)-1-[3-(2-aminopyrimidin-5-yl)phenyl]ethyl}-6,7-dimethoxy-2-methylquinazolin-4-amine",,,,,,,2018,data/bronze/artifacts/2018_raw.xlsx,Sheet1,63
OCKRKBSMINJWLS-UHFFFAOYSA-N,432,"N-[1-(5-bromo-4-chlorothiophen-2-yl)ethyl]-6,7-dimethoxy-2-methylquinazolin-4-amine",,,,,,,2018,data/bronze/artifacts/2018_raw.xlsx,Sheet1,433
OCLLQGHGXBGRDE-UHFFFAOYSA-N,421,N-[1-(5-{2-[(dimethylamino)methyl]phenyl}thiophen-2-yl)ethyl]-2-methyl-6-nitroquinazolin-4-amine,,,,,,,2018,data/bronze/artifacts/2018_raw.xlsx,Sheet1,422
ODCCGDJAKWYIIA-CQSZACIVSA-N,340,"N-{(1R)-1-[3-(1H-imidazol-1-yl)phenyl]ethyl}-6,7-dimethoxy-2-methylquinazolin-4-amine",,,,,,,2018,data/bronze/artifacts/2018_raw.xlsx,Sheet1,341
OIUVGFNLEQUUBU-GFCCVEGCSA-N,392,2-(4-{[(1R)-1-(3-chlorophenyl)ethyl]amino}-2-methylquinazolin-6-yl)propan-2-ol,,,,,,,2018,data/bronze/artifacts/2018_raw.xlsx,Sheet1,393
OJOFFIAJYKSJRE-UHFFFAOYSA-N,242,"4-(5-{1-[(6,7-dimethoxy-2-methylquinazolin-4-yl)amino]ethyl}thiophen-2-yl)benzamide",,,,,,,2018,data/bronze/artifacts/2018_raw.xlsx,Sheet1,243
OLBQOKXVACAWBW-CQSZACIVSA-N,341,"6,7-dimethoxy-2-methyl-N-{(1R)-1-[3-(1H-pyrazol-1-yl)phenyl]ethyl}quinazolin-4-amine",,,,,,,2018,data/bronze/artifacts/2018_raw.xlsx,Sheet1,342
OLHRSHYIJIHBOO-MRXNPFEDSA-N,85,"N-{(1R)-1-[3-(1H-indol-5-yl)phenyl]ethyl}-6,7-dimethoxy-2-methylquinazolin-4-amine",,,,,,,2018,data/bronze/artifacts/2018_raw.xlsx,Sheet1,86
ONMQNHGMFLGQIK-OAHLLOKOSA-N,256,"2-[4-(3-{(1R)-1-[(6,7-dimethoxy-2-methylquinazolin-4-yl)amino]ethyl}phenyl)-1H-pyrazol-1-yl]ethanol",,,,,,,2018,data/bronze/artifacts/2018_raw.xlsx,Sheet1,257
OOFFOUIGWHTENM-LLVKDONJSA-N,29,6-bromo-2-methyl-N-[(1R)-1-phenylethyl]quinazolin-4-amine,,,,,,,2018,data/bronze/artifacts/2018_raw.xlsx,Sheet1,30
OPAIYCAEAKFWCX-UHFFFAOYSA-N,212,"6,7-dimethoxy-2-methyl-N-[1-(quinolin-5-yl)ethyl]quinazolin-4-amine",,,,,,,2018,data/bronze/artifacts/2018_raw.xlsx,Sheet1,213
OQPMUASRKUMGSJ-UHFFFAOYSA-N,450,"tert-butyl[2-chloro-6-(5-{1-[(6,7-dimethoxy-2-methylquinazolin-4-yl)amino]ethyl}thiophen-2-yl)benzyl]carbamate",,,,,,,2018,data/bronze/artifacts/2018_raw.xlsx,Sheet1,451
OTOLQMVWPGWDCX-GOSISDBHSA-N,73,"3'-{(1R)-1-[(6,7-dimethoxy-2-methylquinazolin-4-yl)amino]ethyl}-N-propylbiphenyl-4-carboxamide",,,,,,,2018,data/bronze/artifacts/2018_raw.xlsx,Sheet1,74
OULJVXQNSHALGO-AUECHBEKSA-N,63,"N-[(1R)-1-{3-[(E)-2-cyclopropylethenyl]phenyl}ethyl]-6,7-dimethoxy-2-methylquinazolin-4-amine",,,,,,,2018,data/bronze/artifacts/2018_raw.xlsx,Sheet1,64
OVPOHEAGDUOFKG-UHFFFAOYSA-N,457,1-(4-{[1-(5-{2-[(dimethylamino)methyl]phenyl}thiophen-2-yl)ethyl]amino}-2-methylquinazolin-6-yl)-3-methylurea,,,,,,,2018,data/bronze/artifacts/2018_raw.xlsx,Sheet1,458
OXHSTBNQUOAGMU-UHFFFAOYSA-N,446,"3-(5-(1-[(6,7-dimethoxy-2-methylquinazolin-4-yl)amino]ethyl}thiophen-2-yl)-1-methyl-1H-pyrazole-5-carboxylicacid",,,,,,,2018,data/bronze/artifacts/2018_raw.xlsx,Sheet1,447
OYHDNGCDWWAYLR-CYBMUJFWSA-N,200,"6,7-dimethoxy-2-methyl-N-{(1R)-1-[3-(1H-pyrazol-4-yl)phenyl]ethyl}quinazolin-4-amine",,,,,,,2018,data/bronze/artifacts/2018_raw.xlsx,Sheet1,201
PAZLFPROAHCZBC-UHFFFAOYSA-N,325,"6,7-dimethoxy-2-methyl-N-[1-(5-{2-[2-(pyrrolidin-1-yl)ethoxy]phenyl}thiophen-2-yl)ethyl]quinazolin-4-amine",,,,,,,2018,data/bronze/artifacts/2018_raw.xlsx,Sheet1,326
PBOWKOCSBLHCOI-UHFFFAOYSA-N,155,"6,7-dimethoxy-2-methyl-N-{1-[5-(1-methyl-1H-indol-2-yl)thiophen-2-yl]ethyl}quinazolin-4-amine",,,,,,,2018,data/bronze/artifacts/2018_raw.xlsx,Sheet1,156
PBUWMKFKJZPHPX-UHFFFAOYSA-N,263,"6,7-dimethoxy-2-methyl-N-[1-(5-(2-[(methylamino)methyl]phenyl}thiophen-3-yl)ethyl]quinazolin-4-amine",,,,,,,2018,data/bronze/artifacts/2018_raw.xlsx,Sheet1,264
PEPMYYQBTWVBCA-UHFFFAOYSA-N,5,"N-[1-(7-fluoro-1H-indazol-4-yl)ethyl]-6,7-dimethoxy-2-methylquinazolin-4-amine",,,,,,,2018,data/bronze/artifacts/2018_raw.xlsx,Sheet1,6
PEVFEFCOAOTEFY-QGZVFWFLSA-N,351,7-methoxy-2-methyl-6-(3-methylbutoxy)-N-{(1R)-1-[3-(1H-pyrazol-4-yl)phenyl]ethyl}quinazolin-4-amine,,,,,,,2018,data/bronze/artifacts/2018_raw.xlsx,Sheet1,352
PHLCBDWDHDDBOQ-UHFFFAOYSA-N,382,"N-[2-(5-{1-[(6,7-dimethoxy-2-methylquinazolin-4-yl)amino]ethyl}thiophen-2-yl)-5-fluorobenzyl]-2-hydroxyacetamide",,,,,,,2018,data/bronze/artifacts/2018_raw.xlsx,Sheet1,383
PHNDXMWTZRYAKV-UHFFFAOYSA-N,205,"N-[1-(1-benzothiophen-4-yl)ethyl]-6,7-dimethoxy-2-methylquinazolin-4-amine",,,,,,,2018,data/bronze/artifacts/2018_raw.xlsx,Sheet1,206
PHPIYLXRRMZUST-UHFFFAOYSA-N,456,"{[2-(5-(1-[(6,7-dimethoxy-2-methylquinazolin-4-yl)amino]ethyl}thiophen-2-yl)benzyl](methyl)amino}acetonitrile",,,,,,,2018,data/bronze/artifacts/2018_raw.xlsx,Sheet1,457
PHQICDLHRDUMDH-UHFFFAOYSA-N,249,"2-(4-(5-(1-[(6,7-dimethoxy-2-methylquinazolin-4-yl)amino]ethyl}thiophen-2-yl)-1H-pyrazol-1-yl]acetamide",,,,,,,2018,data/bronze/artifacts/2018_raw.xlsx,Sheet1,250
PIJFTVFRWGIAEO-OAHLLOKOSA-N,57,"5-(3-((1R)-1-[(6,7-dimethoxy-2-methylquinazolin-4-yl)amino]ethyl}phenyl)-1,3-dihydro-2H-indol-2-one",,,,,,,2018,data/bronze/artifacts/2018_raw.xlsx,Sheet1,58
POBYITUHJZSIHE-UHFFFAOYSA-N,26,"6,7-dimethoxy-2-methyl-N-[1-(2-methylimidazo[1,2-a]pyridin-3-yl)ethyl]quinazolin-4-amine",,,,,,,2018,data/bronze/artifacts/2018_raw.xlsx,Sheet1,27
PQBJXUXFYSGQRB-UHFFFAOYSA-N,43,"6,7-dimethoxy-2-methyl-N-[1-{5-[4-(morpholin-4-yl)phenyl]thiophen-2-yl}ethyl]quinazolin-4-amine",,,,,,,2018,data/bronze/artifacts/2018_raw.xlsx,Sheet1,44
PRXBGNGCAAFPSS-UHFFFAOYSA-N,282,"2-[2-(5-{1-[(6,7-dimethoxy-2-methylquinazolin-4-yl)amino]ethyl}thiophen-2-yl)benzyl]-N-methylglycinamide",,,,,,,2018,data/bronze/artifacts/2018_raw.xlsx,Sheet1,283
PRXLCCYSYWWWND-MRXNPFEDSA-N,99,"6,7-dimethoxy-N-[(1R)-1-(3'-methoxybiphenyl-3-yl)ethyl]-2-methylquinazolin-4-amine",,,,,,,2018,data/bronze/artifacts/2018_raw.xlsx,Sheet1,100
PTNLCEBPYWEKNH-MRXNPFEDSA-N,55,"6,7-dimethoxy-2-methyl-N-{(1R)-1-[3'-(5-methyl-1,3,4-oxadiazol-2-yl)biphenyl-3-yl]ethyl}quinazolin-4-amine",,,,,,,2018,data/bronze/artifacts/2018_raw.xlsx,Sheet1,56
PZNPGEXMMZWLJL-OAHLLOKOSA-N,61,"3'-{(1R)-1-[(6,7-dimethoxy-2-methylquinazolin-4-yl)amino]ethyl}biphenyl-3-sulfonamide",,,,,,,2018,data/bronze/artifacts/2018_raw.xlsx,Sheet1,62
PZUBMIMQAGKITQ-UHFFFAOYSA-N,70,"6,7-dimethoxy-2-methyl-N-[1-(5-phenylthiophen-2-yl)ethyl]quinazolin-4-amine",,,,,,,2018,data/bronze/artifacts/2018_raw.xlsx,Sheet1,71
QABNXPWMDUJMAN-UHFFFAOYSA-N,332,"6,7-dimethoxy-2-methyl-N-[1-(thieno[2,3-c]pyridin-4-yl)ethyl]quinazolin-4-amine",,,,,,,2018,data/bronze/artifacts/2018_raw.xlsx,Sheet1,333
QADCMXQKIYYQMA-UHFFFAOYSA-N,414,N-[1-(5-bromothiophen-2-yl)ethyl]-6-[3-(dimethylamino)pyrrolidin-1-yl]-2-methylquinazolin-4-amine,,,,,,,2018,data/bronze/artifacts/2018_raw.xlsx,Sheet1,415
QADZVJYLSHJLNR-UHFFFAOYSA-N,270,"N-[1-{4-[2-(aminomethyl)phenyl]thiophen-2-yl}ethyl]-6,7-dimethoxy-2-methylquinazolin-4-amine",,,,,,,2018,data/bronze/artifacts/2018_raw.xlsx,Sheet1,271
QAGDNMQGRGPZIM-UHFFFAOYSA-N,213,"6,7-dimethoxy-2-methyl-N-[1-(5-phenylfuran-2-yl)ethyl]quinazolin-4-amine",,,,,,,2018,data/bronze/artifacts/2018_raw.xlsx,Sheet1,214
QAGDNMQGRGPZIM-UHFFFAOYSA-N,224,"6,7-dimethoxy-2-methyl-N-[1-(5-phenylfuran-2-yl)ethyl]quinazolin-4-amine,enantiomer1",,,,,,,2018,data/bronze/artifacts/2018_raw.xlsx,Sheet1,225
QBVRHHSCRYCVPE-UHFFFAOYSA-N,279,"2-[2-(5-{1-[(6,7-dimethoxy-2-methylquinazolin-4-yl)amino]ethyl}thiophen-2-yl)benzyl]glycinamide",,,,,,,2018,data/bronze/artifacts/2018_raw.xlsx,Sheet1,280
QDHDOGQVPWTLHJ-KPKJPENVSA-N,143,"N-[1-{5-[(2E)-but-2-en-2-yl]thiophen-2-yl}ethyl]-6,7-dimethoxy-2-methylquinazolin-4-amine",,,,,,,2018,data/bronze/artifacts/2018_raw.xlsx,Sheet1,144
QDRSKWCWISYQSL-UHFFFAOYSA-N,402,"6,7-dimethoxy-2-methyl-N-[1-(4-methyl-5-(2-[(methylamino)methyl]-phenyl}thiophen-2-yl)ethyl]quinazolin-4-amine",,,,,,,2018,data/bronze/artifacts/2018_raw.xlsx,Sheet1,403
QEKRLZSBHJOJRV-CQSZACIVSA-N,388,"4-(3-{(1R)-1-[(6,7-dimethoxy-2-methylquinazolin-4-yl)amino]ethyl}phenyl)pyridin-2-ol",,,,,,,2018,data/bronze/artifacts/2018_raw.xlsx,Sheet1,389
QIDRREGGANCKBL-UHFFFAOYSA-N,362,"6,7-dimethoxy-2-methyl-N-[1-(5-(2-[(phenylamino)methyl]phenyl}thiophen-2-yl)ethyl]quinazolin-4-amine",,,,,,,2018,data/bronze/artifacts/2018_raw.xlsx,Sheet1,363
QIIZLPCWVMVMDM-UHFFFAOYSA-N,47,"6,7-dimethoxy-2-methyl-N-{1-[5-(2-propoxyphenyl)thiophen-2-yl]ethyl}quinazolin-4-amine",,,,,,,2018,data/bronze/artifacts/2018_raw.xlsx,Sheet1,48
QKMHMNRPAULRKD-MRXNPFEDSA-N,87,"N-{(1R)-1-[3-(1-benzothiophen-3-yl)phenyl]ethyl}-6,7-dimethoxy-2-methylquinazolin-4-amine",,,,,,,2018,data/bronze/artifacts/2018_raw.xlsx,Sheet1,88
QQLUACPFSHJOGR-UHFFFAOYSA-N,178,"methyl2-(5-(1-[(6,7-dimethoxy-2-methylquinazolin-4-yl)amino]ethyl}thiophen-2-yl)benzoate",,,,,,,2018,data/bronze/artifacts/2018_raw.xlsx,Sheet1,179
QSANDLBVSMEKQM-UHFFFAOYSA-N,299,"N-[2-(5-{1-[(6,7-dimethoxy-2-methylquinazolin-4-yl)amino]ethyl}thiophen-2-yl)-5-fluorobenzyl]-N2-phenylglycinamide",,,,,,,2018,data/bronze/artifacts/2018_raw.xlsx,Sheet1,300
QTHXLWPSVOKRQX-UHFFFAOYSA-N,397,"N-[1-{5-[2-(aminomethyl)-3-chlorophenyl]thiophen-2-yl}ethyl]-6,7-dimethoxy-2-methylquinazolin-4-amine",,,,,,,2018,data/bronze/artifacts/2018_raw.xlsx,Sheet1,398
QTYCQXJRWLFFRR-GOSISDBHSA-N,64,"N-{(1R)-1-[2'-(ethoxymethyl)biphenyl-3-yl]ethyl}-6,7-dimethoxy-2-methylquinazolin-4-amine",,,,,,,2018,data/bronze/artifacts/2018_raw.xlsx,Sheet1,65
QXAPWIXMELYLHK-UHFFFAOYSA-N,438,N-(4-{[1-(5-{2-[(dimethylamino)methyl]phenyl}thiophen-2-yl)ethyl]amino}-2-methylquinazolin-6-yl)methanesulfonamide,,,,,,,2018,data/bronze/artifacts/2018_raw.xlsx,Sheet1,439
QXNKNGMUHABWCR-UHFFFAOYSA-N,423,"N4-[1-(5-{2-[(dimethylamino)methyl]phenyl}-2-thienyl)ethyl]-2-methyl-quinazoline-4,6-diamine",,,,,,,2018,data/bronze/artifacts/2018_raw.xlsx,Sheet1,424
QYKZNUANVNJJNR-UHFFFAOYSA-N,51,"3-(5-(1-[(6,7-dimethoxy-2-methylquinazolin-4-yl)amino]ethyl}thiophen-2-yl)-N,N-dimethylbenzamide",,,,,,,2018,data/bronze/artifacts/2018_raw.xlsx,Sheet1,52
QZBJCPJVCAPOCY-UHFFFAOYSA-N,458,1-benzyl-4-(4-{[1-(5-{2-[(dimethylamino)methyl]phenyl}thiophen-2-yl)ethyl]amino}-2-methylquinazolin-6-yl)piperazin-2-one,,,,,,,2018,data/bronze/artifacts/2018_raw.xlsx,Sheet1,459
QZBSYZOHPFEASP-UHFFFAOYSA-N,18,"N-[1-(5-fluoro-1H-indazol-4-yl)ethyl]-6,7-dimethoxy-2-methylquinazolin-4-amine",,,,,,,2018,data/bronze/artifacts/2018_raw.xlsx,Sheet1,19
QZYMVSVCPOYJNN-UHFFFAOYSA-N,54,"N-{1-[5-(1H-indol-6-yl)thiophen-2-yl]ethyl}-6,7-dimethoxy-2-methylquinazolin-4-amine",,,,,,,2018,data/bronze/artifacts/2018_raw.xlsx,Sheet1,55
RAOMFMYMTPCEDF-OAQYLSRUSA-N,81,"N-{(1R)-1-[2'-(benzyloxy)biphenyl-3-yl]ethyl}-6,7-dimethoxy-2-methylquinazolin-4-amine",,,,,,,2018,data/bronze/artifacts/2018_raw.xlsx,Sheet1,82
RDHMSHLCABXFRZ-UHFFFAOYSA-N,149,"6,7-dimethoxy-2-methyl-N-[1-{5-[4-(methylsulfonyl)phenyl]thiophen-2-yl}ethyl]quinazolin-4-amine",,,,,,,2018,data/bronze/artifacts/2018_raw.xlsx,Sheet1,150
RFMZJENISZZJMU-UHFFFAOYSA-N,250,"6,7-dimethoxy-2-methyl-N-[1-(5-(2-[(methylamino)methyl]phenyl}thiophen-2-yl)ethyl]quinazolin-4-amine",,,,,,,2018,data/bronze/artifacts/2018_raw.xlsx,Sheet1,251
RHILXOMQXCRXBR-HXUWFJFHSA-N,91,"6,7-dimethoxy-2-methyl-N-[(1R)-1-(2'-phenoxybiphenyl-3-yl)ethyl]quinazolin-4-amine",,,,,,,2018,data/bronze/artifacts/2018_raw.xlsx,Sheet1,92
RHPWATVDCAVVIR-UHFFFAOYSA-N,127,"6,7-dimethoxy-2-methyl-N-[1-{5-[5-(methylsulfonyl)pyridin-3-yl]thiophen-2-yl}ethyl]quinazolin-4-amine",,,,,,,2018,data/bronze/artifacts/2018_raw.xlsx,Sheet1,128
RHTSSDWPIZLUPB-UHFFFAOYSA-N,245,"2-(5-(1-[(6,7-dimethoxy-2-methylquinazolin-4-yl)amino]ethyl}thiophen-2-yl)benzonitrile",,,,,,,2018,data/bronze/artifacts/2018_raw.xlsx,Sheet1,246
RIQKKZJSMOYXID-CQSZACIVSA-N,107,"[5-(3-((1R)-1-[(6,7-dimethoxy-2-methylquinazolin-4-yl)amino]ethyl}phenyl)thiophen-2-yl]methanol",,,,,,,2018,data/bronze/artifacts/2018_raw.xlsx,Sheet1,108
RJBFEADMWLYGIV-UHFFFAOYSA-N,13,"6,7-dimethoxy-2-methyl-N-[1-(3-methyl-1H-indazol-4-yl)ethyl]quinazolin-4-amine",,,,,,,2018,data/bronze/artifacts/2018_raw.xlsx,Sheet1,14
RJZQEXFZBOINHI-UHFFFAOYSA-N,34,"6-{1-[(6,7-dimethoxy-2-methylquinazolin-4-yl)amino]ethyl}-2H-1,4-benzoxazin-3(4H)-one",,,,,,,2018,data/bronze/artifacts/2018_raw.xlsx,Sheet1,35
RKYHYNKLLVGYED-UHFFFAOYSA-N,276,"N-{1-[5'-(aminomethyl)-2,2'-bithiophen-5-yl]ethyl}-6,7-dimethoxy-2-methylquinazolin-4-amine",,,,,,,2018,data/bronze/artifacts/2018_raw.xlsx,Sheet1,277
RRALXDCBDOHBMO-UHFFFAOYSA-N,378,"1-[2-(5-{1-[(6,7-dimethoxy-2-methylquinazolin-4-yl)amino]ethyl}thiophen-2-yl)phenyl]prop-2-yn-1-ol",,,,,,,2018,data/bronze/artifacts/2018_raw.xlsx,Sheet1,379
RREBZIMAHBSYEY-UHFFFAOYSA-N,44,"6,7-dimethoxy-2-methyl-N-[1-{5-[3-(morpholin-4-yl)phenyl]thiophen-2-yl}ethyl]quinazolin-4-amine",,,,,,,2018,data/bronze/artifacts/2018_raw.xlsx,Sheet1,45
RTNAQYUSOYAWIO-UHFFFAOYSA-N,254,"6,7-dimethoxy-2-methyl-N-[1-(5-{1-[2-(pyrrolidin-1-yl)ethyl]-1H-pyrazol-4-yl}thiophen-3-yl)ethyl]quinazolin-4-amine",,,,,,,2018,data/bronze/artifacts/2018_raw.xlsx,Sheet1,255
RTYZOXHQVIDDAQ-UHFFFAOYSA-N,331,"6,7-dimethoxy-2-methyl-N-[1-(thieno[2,3-b]pyridin-4-yl)ethyl]quinazolin-4-amine",,,,,,,2018,data/bronze/artifacts/2018_raw.xlsx,Sheet1,332
RVNDDHQUSZMXTJ-UHFFFAOYSA-N,246,"N-{1-[5-(1H-indazol-7-yl)thiophen-2-yl]ethyl}-6,7-dimethoxy-2-methylquinazolin-4-amine",,,,,,,2018,data/bronze/artifacts/2018_raw.xlsx,Sheet1,247
SAQPXLBOGVBGOB-MRXNPFEDSA-N,121,"N-(3'-{(1R)-1-[(6,7-dimethoxy-2-methylquinazolin-4-yl)amino]ethyl}biphenyl-2-yl)methanesulfonamide",,,,,,,2018,data/bronze/artifacts/2018_raw.xlsx,Sheet1,122
SBPJQYVFVDZYPE-UHFFFAOYSA-N,3,"methyl4-{1-[(6,7-dimethoxy-2-methylquinazolin-4-yl)amino]ethyl}-1-benzothiophene-2-carboxylate",,,,,,,2018,data/bronze/artifacts/2018_raw.xlsx,Sheet1,4
SCGAEPCZCXLDOV-CYBMUJFWSA-N,342,"N-{(1R)-1-[3-(1H-imidazol-4-yl)phenyl]ethyl}-6,7-dimethoxy-2-methylquinazolin-4-amine",,,,,,,2018,data/bronze/artifacts/2018_raw.xlsx,Sheet1,343
SICVFDPNVMOAJD-MRXNPFEDSA-N,343,6-(benzyloxy)-N-[(1R)-1-(3-bromophenyl)ethyl]-7-methoxy-2-methylquinazolin-4-amine,,,,,,,2018,data/bronze/artifacts/2018_raw.xlsx,Sheet1,344
SIGRESZFTSJMOA-UHFFFAOYSA-N,297,"2-{[2-(5-{1-[(6,7-dimethoxy-2-methylquinazolin-4-yl)amino]ethyl}thiophen-2-yl)benzyl]amino}ethanol",,,,,,,2018,data/bronze/artifacts/2018_raw.xlsx,Sheet1,298
SKQBCXCDGYEWSB-UHFFFAOYSA-N,247,"N-{1-[5-(1H-indazol-4-yl)thiophen-2-yl]ethyl}-6,7-dimethoxy-2-methylquinazolin-4-amine",,,,,,,2018,data/bronze/artifacts/2018_raw.xlsx,Sheet1,248
SLASGLNOKCPJCF-UHFFFAOYSA-N,330,"6,7-dimethoxy-2-methyl-N-[1-(2-methyl-1-benzothiophen-4-yl)ethyl]quinazolin-4-amine",,,,,,,2018,data/bronze/artifacts/2018_raw.xlsx,Sheet1,331
SLCQTVGXVUOMGO-LLVKDONJSA-N,192,"4-{(1R)-1-[(6,7-dimethoxy-2-methylquinazolin-4-yl)amino]ethyl}benzamide",,,,,,,2018,data/bronze/artifacts/2018_raw.xlsx,Sheet1,193
SLESDGIEXRLSFP-UHFFFAOYSA-N,244,"[2-(5-{1-[(6,7-dimethoxy-2-methylquinazolin-4-yl)amino]ethyl}thiophen-2-yl)phenyl]methanol",,,,,,,2018,data/bronze/artifacts/2018_raw.xlsx,Sheet1,245
SOWIKHFKCHXDSW-UHFFFAOYSA-N,445,"6,7-dimethoxy-2-methyl-N-[1-(4-methyl-1,3-thiazol-2-yl)ethyl]quinazolin-4-amine",,,,,,,2018,data/bronze/artifacts/2018_raw.xlsx,Sheet1,446
SQKGKYOHCFAUEX-CYBMUJFWSA-N,230,"6,7-dimethoxy-2-methyl-N-[(1R)-1-(quinolin-8-yl)ethyl]quinazolin-4-amine",,,,,,,2018,data/bronze/artifacts/2018_raw.xlsx,Sheet1,231
SQKGKYOHCFAUEX-UHFFFAOYSA-N,217,"6,7-dimethoxy-2-methyl-N-[1-(quinolin-8-yl)ethyl]quinazolin-4-amine",,,,,,,2018,data/bronze/artifacts/2018_raw.xlsx,Sheet1,218
SQQUNDMKXBTWQR-MRXNPFEDSA-N,356,6-ethoxy-N-{(1R)-1-[3-(1-ethyl-1H-pyrazol-4-yl)phenyl]ethyl}-7-methoxy-2-methylquinazolin-4-amine,,,,,,,2018,data/bronze/artifacts/2018_raw.xlsx,Sheet1,357
SQSDNOVLVOTMJE-GFCCVEGCSA-N,206,"6,7-dimethoxy-2-methyl-N-[(1R)-1-phenylethyl]quinazolin-4-amine",,,,,,,2018,data/bronze/artifacts/2018_raw.xlsx,Sheet1,207
STEZIGKNWQLZAX-UHFFFAOYSA-N,379,"1-[2-(5-{1-[(6,7-dimethoxy-2-methylquinazolin-4-yl)amino]ethyl}thiophen-2-yl)phenyl]-2-methylpropan-1-ol",,,,,,,2018,data/bronze/artifacts/2018_raw.xlsx,Sheet1,380
STUOLGOPAHUPRK-UHFFFAOYSA-N,281,"methylN-[2-(5-{1-[(6,7-dimethoxy-2-methylquinazolin-4-yl)amino]ethyl}thiophen-2-yl)benzyl]glycinate",,,,,,,2018,data/bronze/artifacts/2018_raw.xlsx,Sheet1,282
SWNUAIRAAYDJCW-KEQVLUGWSA-N,76,"N-[(1R)-1-{3-[(2E)-but-2-en-2-yl]phenyl}ethyl]-6,7-dimethoxy-2-methylquinazolin-4-amine",,,,,,,2018,data/bronze/artifacts/2018_raw.xlsx,Sheet1,77
SWTVPMXUSGFVID-MRXNPFEDSA-N,202,"6,7-dimethoxy-2-methyl-N-{(1R)-1-[3-(1-methyl-1,2,3,6-tetrahydropyridin-4-yl)phenyl]ethyl}quinazolin-4-amine",,,,,,,2018,data/bronze/artifacts/2018_raw.xlsx,Sheet1,203
SXZJZZJHKILPNL-UHFFFAOYSA-N,255,"N-[1-{5-[2-(aminomethyl)-4-fluorophenyl]thiophen-3-yl}ethyl]-6,7-dimethoxy-2-methylquinazolin-4-amine",,,,,,,2018,data/bronze/artifacts/2018_raw.xlsx,Sheet1,256
TTWJZCMXYQQNTB-UHFFFAOYSA-N,146,"N-{1-[5-(5-amino-2-methylphenyl)thiophen-2-yl]ethyl}-6,7-dimethoxy-2-methylquinazolin-4-amine",,,,,,,2018,data/bronze/artifacts/2018_raw.xlsx,Sheet1,147
TUKVNMIFLVCDSH-UHFFFAOYSA-N,21,"N-[1-(2,3-dimethoxyphenyl)ethyl]-6,7-dimethoxy-2-methylquinazolin-4-amine",,,,,,,2018,data/bronze/artifacts/2018_raw.xlsx,Sheet1,22
TVEQCUXBQMXBFG-UHFFFAOYSA-N,399,"N-(1-{5-[2-(aminomethyl)-4-fluorophenyl]-4-methyl-2-thienyl}ethyl)-6,7-dimethoxy-2-methylquinazolin-4-amine",,,,,,,2018,data/bronze/artifacts/2018_raw.xlsx,Sheet1,400
TVFKKVWTPSPAEN-UHFFFAOYSA-N,286,"3-(5-{1-[(6,7-dimethoxy-2-methylquinazolin-4-yl)amino]ethyl}thiophen-2-yl)-1,5-dimethyl-1H-pyrrole-2-carbonitrile",,,,,,,2018,data/bronze/artifacts/2018_raw.xlsx,Sheet1,287
TVNCVUHPOZLPIM-UHFFFAOYSA-N,455,"N-[1-{5-[2-(2-aminopropan-2-yl)phenyl]thiophen-2-yl}ethyl]-6,7-dimethoxy-2-methylquinazolin-4-amine",,,,,,,2018,data/bronze/artifacts/2018_raw.xlsx,Sheet1,456
TYUKUZVLQBMUHM-UHFFFAOYSA-N,170,"N-[1-{5-[3-(cyclopropylmethoxy)phenyl]thiophen-2-yl}ethyl]-6,7-dimethoxy-2-methylquinazolin-4-amine",,,,,,,2018,data/bronze/artifacts/2018_raw.xlsx,Sheet1,171
TYZHVABPYGDQGZ-UHFFFAOYSA-N,361,"6,7-dimethoxy-2-methyl-N-[1-{5-[2-(1H-pyrazol-4-yl)phenyl]thiophen-2-yl}ethyl]quinazolin-4-amine",,,,,,,2018,data/bronze/artifacts/2018_raw.xlsx,Sheet1,362
TZFUCFQIEJIWIR-UHFFFAOYSA-N,308,"6,7-dimethoxy-2-methyl-N-[1-(5-{2-[(4-methylpiperazin-1-yl)methyl]phenyl}thiophen-2-yl)ethyl]quinazolin-4-amine",,,,,,,2018,data/bronze/artifacts/2018_raw.xlsx,Sheet1,309
UATNQFYCLKMVBF-CQSZACIVSA-N,95,"1-[5-(3-((1R)-1-[(6,7-dimethoxy-2-methylquinazolin-4-yl)amino]ethyl}phenyl)thiophen-2-yl]ethanone",,,,,,,2018,data/bronze/artifacts/2018_raw.xlsx,Sheet1,96
UBRAUUALDIWZKG-UHFFFAOYSA-N,161,"N-{1-[5-(2,4-dimethylphenyl)thiophen-2-yl]ethyl}-6,7-dimethoxy-2-methylquinazolin-4-amine",,,,,,,2018,data/bronze/artifacts/2018_raw.xlsx,Sheet1,162
UEWBAZFRWGJZLI-UHFFFAOYSA-N,440,"3-(4-{[1-(5-{2-[(dimethylamino)methyl]phenyl}thiophen-2-yl)ethyl]amino}-2-methylquinazolin-6-yl)-1,1-dimethylurea",,,,,,,2018,data/bronze/artifacts/2018_raw.xlsx,Sheet1,441
UIBMSXVFXUXUTK-UHFFFAOYSA-N,154,"N-{1-[5-(1-benzothiophen-3-yl)thiophen-2-yl]ethyl}-6,7-dimethoxy-2-methylquinazolin-4-amine",,,,,,,2018,data/bronze/artifacts/2018_raw.xlsx,Sheet1,155
UKCZNNGRQUBZAT-CYBMUJFWSA-N,75,"6,7-dimethoxy-2-methyl-N-{(1R)-1-[3-(1H-pyrazol-3-yl)phenyl]ethyl}quinazolin-4-amine",,,,,,,2018,data/bronze/artifacts/2018_raw.xlsx,Sheet1,76
UKCZNNGRQUBZAT-CYBMUJFWSA-N,337,"6,7-dimethoxy-2-methyl-N-{(1R)-1-[3-(1H-pyrazol-5-yl)phenyl]ethyl}quinazolin-4-amine",,,,,,,2018,data/bronze/artifacts/2018_raw.xlsx,Sheet1,338
UMTPBBWGTSVQGP-BQYQJAHWSA-N,132,"N-[1-{5-[(E)-2-cyclopropylethenyl]thiophen-2-yl}ethyl]-6,7-dimethoxy-2-methylquinazolin-4-amine",,,,,,,2018,data/bronze/artifacts/2018_raw.xlsx,Sheet1,133
UNDLMPRWFYUDKW-CQSZACIVSA-N,355,6-ethoxy-7-methoxy-2-methyl-N-{(1R)-1-[3-(1H-pyrazol-4-yl)phenyl]ethyl}quinazolin-4-amine,,,,,,,2018,data/bronze/artifacts/2018_raw.xlsx,Sheet1,356
UOOJJCPINRYDAO-UHFFFAOYSA-N,215,"6,7-dimethoxy-2-methyl-N-[1-(3-phenoxyphenyl)ethyl]quinazolin-4-amine",,,,,,,2018,data/bronze/artifacts/2018_raw.xlsx,Sheet1,216
UOOJJCPINRYDAO-UHFFFAOYSA-N,228,"6,7-dimethoxy-2-methyl-N-[1-(3-phenoxyphenyl)ethyl]quinazolin-4-amine",,,,,,,2018,data/bronze/artifacts/2018_raw.xlsx,Sheet1,229
UPBVYXSQHROKDO-CMDGGOBGSA-N,156,"6,7-dimethoxy-2-methyl-N-[1-{5-[(1E)-pent-1-en-1-yl]thiophen-2-yl}ethyl]quinazolin-4-amine",,,,,,,2018,data/bronze/artifacts/2018_raw.xlsx,Sheet1,157
USDJDAIYJMUPQA-UHFFFAOYSA-N,33,"6,7-dimethoxy-N-[1-(7-methoxy-1-benzofuran-2-yl)ethyl]-2-methylquinazolin-4-amine",,,,,,,2018,data/bronze/artifacts/2018_raw.xlsx,Sheet1,34
UTBNVBAKFHYELO-UHFFFAOYSA-N,317,"N-[1-{5-[2-(azetidin-1-ylmethyl)phenyl]thiophen-2-yl}ethyl]-6,7-dimethoxy-2-methylquinazolin-4-amine",,,,,,,2018,data/bronze/artifacts/2018_raw.xlsx,Sheet1,318
UVVGUIYVSHMDDW-UHFFFAOYSA-N,210,"1-[2-(5-{1-[(6,7-dimethoxy-2-methylquinazolin-4-yl)amino]ethyl}thiophen-2-yl)benzyl]pyrrolidin-3-ol",,,,,,,2018,data/bronze/artifacts/2018_raw.xlsx,Sheet1,211
UVWKUBYRSXBMBX-UHFFFAOYSA-N,433,"N4-[1-(5-{2-[(dimethylamino)methyl]phenyl}-2-thienyl)ethyl]-2-methyl-N6-[2-(morpholin-4-yl)ethyl]quinazoline-4,6-diamine",,,,,,,2018,data/bronze/artifacts/2018_raw.xlsx,Sheet1,434
VAABJKIAJUBGRV-UHFFFAOYSA-N,364,"N-[1-(5-(2-[(cyclopentylamino)methyl]phenyl}thiophen-2-yl)ethyl]-6,7-dimethoxy-2-methylquinazolin-4-amine",,,,,,,2018,data/bronze/artifacts/2018_raw.xlsx,Sheet1,365
VALQZGMOMXOANI-UHFFFAOYSA-N,251,"2-(4-(4-(1-[(6,7-dimethoxy-2-methylquinazolin-4-yl)amino]ethyl}thiophen-2-yl)-1H-pyrazol-1-yl]ethanol",,,,,,,2018,data/bronze/artifacts/2018_raw.xlsx,Sheet1,252
VAWQQAZTALLGQD-OAHLLOKOSA-N,96,"N-{(1R)-1-[3-(1,3-benzodioxol-5-yl)phenyl]ethyl}-6,7-dimethoxy-2-methylquinazolin-4-amine",,,,,,,2018,data/bronze/artifacts/2018_raw.xlsx,Sheet1,97
VBIJDKGWFBHEIR-GFCCVEGCSA-N,407,N-[(1R)-1-(3-chlorophenyl)ethyl]-6-cyclopropyl-2-methylquinazolin-4-amine,,,,,,,2018,data/bronze/artifacts/2018_raw.xlsx,Sheet1,408
VFGIZSFENVQLIG-UHFFFAOYSA-N,53,"6,7-dimethoxy-2-methyl-N-(1-[5-(3-methylpyridin-4-yl)thiophen-2-yl]ethyl}quinazolin-4-amine",,,,,,,2018,data/bronze/artifacts/2018_raw.xlsx,Sheet1,54
VHDJNJIFOFRTAN-UHFFFAOYSA-N,176,"4-(5-(1-[(6,7-dimethoxy-2-methylquinazolin-4-yl)amino]ethyl}thiophen-2-yl)-N,N-dimethylbenzamide",,,,,,,2018,data/bronze/artifacts/2018_raw.xlsx,Sheet1,177
VICGTWRUFUQPCE-UHFFFAOYSA-N,122,"N-{1-[5-(3,5-dichlorophenyl)thiophen-2-yl]ethyl}-6,7-dimethoxy-2-methylquinazolin-4-amine",,,,,,,2018,data/bronze/artifacts/2018_raw.xlsx,Sheet1,123
VJBRRLKIUXRIQM-UHFFFAOYSA-N,278,"3-amino-4-(5-{1-[(6,7-dimethoxy-2-methylquinazolin-4-yl)amino]ethyl}thiophen-2-yl)-1-benzothiophene-2-carboxamide",,,,,,,2018,data/bronze/artifacts/2018_raw.xlsx,Sheet1,279
VJVGMIQJMUALKA-UHFFFAOYSA-N,42,"6,7-dimethoxy-2-methyl-N-{1-[5-(pyrimidin-5-yl)thiophen-2-yl]ethyl}quinazolin-4-amine",,,,,,,2018,data/bronze/artifacts/2018_raw.xlsx,Sheet1,43
VKRXZNFVALTSFS-UHFFFAOYSA-N,428,"N-[1-(5-bromo-3-chlorothiophen-2-yl)ethyl]-6,7-dimethoxy-2-methylquinazolin-4-amine",,,,,,,2018,data/bronze/artifacts/2018_raw.xlsx,Sheet1,429
VLYVNOFVBHTNIS-UHFFFAOYSA-N,126,"6,7-dimethoxy-2-methyl-N-[1-{5-[3-(5-methyl-1,3,4-oxadiazol-2-yl)phenyl]thiophen-2-yl}ethyl]quinazolin-4-amine",,,,,,,2018,data/bronze/artifacts/2018_raw.xlsx,Sheet1,127
VMBZFTZJRIVXGQ-UHFFFAOYSA-N,287,"5-{1-[(6,7-dimethoxy-2-methylquinazolin-4-yl)amino]ethyl}-2,3'-bithiophene-4'-carbonitrile",,,,,,,2018,data/bronze/artifacts/2018_raw.xlsx,Sheet1,288
VNKBJHNVTHFANL-UHFFFAOYSA-N,135,"N-[1-{5-[3-(benzyloxy)phenyl]thiophen-2-yl}ethyl]-6,7-dimethoxy-2-methylquinazolin-4-amine",,,,,,,2018,data/bronze/artifacts/2018_raw.xlsx,Sheet1,136
VOSRNAWUNMXBCQ-UHFFFAOYSA-N,235,"N-{1-[5-(3,6-dihydro-2H-pyran-4-yl)thiophen-2-yl]ethyl}-6,7-dimethoxy-2-methylquinazolin-4-amine",,,,,,,2018,data/bronze/artifacts/2018_raw.xlsx,Sheet1,236
VPBDROAVPNNVNX-OZBJMMHXSA-N,211,"N-{1-[5-(2-{[(3S)-3-fluoropyrrolidin-1-yl]methyl}phenyl)thiophen-2-yl]ethyl}-6,7-dimethoxy-2-methylquinazolin-4-amine",,,,,,,2018,data/bronze/artifacts/2018_raw.xlsx,Sheet1,212
VRXJCHONERBWSC-MRXNPFEDSA-N,113,"N-{(1R)-1-[3-(2,3-dihydro-1-benzofuran-5-yl)phenyl]ethyl}-6,7-dimethoxy-2-methylquinazolin-4-amine",,,,,,,2018,data/bronze/artifacts/2018_raw.xlsx,Sheet1,114
VSNIBTGSPOMTSH-UHFFFAOYSA-N,300,"6,7-dimethoxy-2-methyl-N-{1-[5-(2-{[(2,2,2-trifluoroethyl)amino]methyl}phenyl)thiophen-2-yl]ethyl}quinazolin-4-amine",,,,,,,2018,data/bronze/artifacts/2018_raw.xlsx,Sheet1,301
VTVFNRXBXDQZAJ-MRXNPFEDSA-N,258,"N-{(1R)-1-[2'-(aminomethyl)biphenyl-3-yl]ethyl}-6,7-dimethoxy-2-methylquinazolin-4-amine",,,,,,,2018,data/bronze/artifacts/2018_raw.xlsx,Sheet1,259
VUIUQNJSACFKJZ-GOSISDBHSA-N,102,"6,7-dimethoxy-2-methyl-N-[(1R)-1-(2'-propoxybiphenyl-3-yl)ethyl]quinazolin-4-amine",,,,,,,2018,data/bronze/artifacts/2018_raw.xlsx,Sheet1,103
VXXVTRIPGKKBGT-OAHLLOKOSA-N,261,"N-{(1R)-1-[3-(6,7-dihydro-5H-pyrrolo[1,2-a]imidazol-3-yl)phenyl]ethyl}-6,7-dimethoxy-2-methylquinazolin-4-amine",,,,,,,2018,data/bronze/artifacts/2018_raw.xlsx,Sheet1,262
VZMHUVYOYVZVIQ-UHFFFAOYSA-N,369,"6,7-dimethoxy-N-{1-[5-(2-{[(2-methoxyethyl)amino]methyl}phenyl)thiophen-2-yl]ethyl}-2-methylquinazolin-4-amine",,,,,,,2018,data/bronze/artifacts/2018_raw.xlsx,Sheet1,370
WAMBMNRJLIJRAJ-UHFFFAOYSA-N,429,"tert-butyl[2-(4-chloro-5-{1-[(6,7-dimethoxy-2-methylquinazolin-4-yl)amino]ethyl}thiophen-2-yl)benzyl]carbamate",,,,,,,2018,data/bronze/artifacts/2018_raw.xlsx,Sheet1,430
WDQLVORIBPNTJR-UHFFFAOYSA-N,253,"N-{1-[5-(6,7-dihydro-5H-pyrrolo[1,2-a]imidazol-3-yl)thiophen-3-yl]ethyl}-6,7-dimethoxy-2-methylquinazolin-4-amine",,,,,,,2018,data/bronze/artifacts/2018_raw.xlsx,Sheet1,254
WEANCNMPHBCBRO-OAHLLOKOSA-N,56,"6,7-dimethoxy-2-methyl-N-[(1R)-1-{3-[5-(methylsulfonyl)pyridin-3-yl]phenyl}ethyl]quinazolin-4-amine",,,,,,,2018,data/bronze/artifacts/2018_raw.xlsx,Sheet1,57
WEGLOYDTDILXDA-UHFFFAOYSA-N,271,"6,7-dimethoxy-2-methyl-N-[1-(4-{2-[(methylamino)methyl]phenyl}thiophen-2-yl)ethyl]quinazolin-4-amine",,,,,,,2018,data/bronze/artifacts/2018_raw.xlsx,Sheet1,272
WEGLOYDTDILXDA-UHFFFAOYSA-N,326,"6,7-dimethoxy-2-methyl-N-[1-(4-{2-[(methylamino)methyl]phenyl}thiophen-2-yl)ethyl]quinazolin-4-amine,enantiomer1",,,,,,,2018,data/bronze/artifacts/2018_raw.xlsx,Sheet1,327
WEGLOYDTDILXDA-UHFFFAOYSA-N,327,"6,7-dimethoxy-2-methyl-N-[1-(4-{2-[(methylamino)methyl]phenyl}thiophen-2-yl)ethyl]quinazolin-4-amine,enantiomer2",,,,,,,2018,data/bronze/artifacts/2018_raw.xlsx,Sheet1,328
WFCDQIYVCFNRBR-UHFFFAOYSA-N,171,"N-{1-[5-(1H-indol-4-yl)thiophen-2-yl]ethyl}-6,7-dimethoxy-2-methylquinazolin-4-amine",,,,,,,2018,data/bronze/artifacts/2018_raw.xlsx,Sheet1,172
WHTRBPGUCZPNGG-UHFFFAOYSA-N,10,"6,7-dimethoxy-2-methyl-N-[1-(1-methyl-1H-indazol-7-yl)ethyl]quinazolin-4-amine",,,,,,,2018,data/bronze/artifacts/2018_raw.xlsx,Sheet1,11
WIVVYWLNLYCXQR-MRXNPFEDSA-N,201,"6,7-dimethoxy-2-methyl-N-{(1R)-1-[4-(1-methyl-1,2,3,6-tetrahydropyridin-4-yl)phenyl]ethyl}quinazolin-4-amine",,,,,,,2018,data/bronze/artifacts/2018_raw.xlsx,Sheet1,202
WLFYRVDSGDWSNB-LJQANCHMSA-N,80,"6,7-dimethoxy-2-methyl-N-{(1R)-1-[3'-(morpholin-4-yl)biphenyl-3-yl]ethyl}quinazolin-4-amine",,,,,,,2018,data/bronze/artifacts/2018_raw.xlsx,Sheet1,81
WNMUNVHWXVZVQR-UHFFFAOYSA-N,359,"N-[1-(5-{2-[1-aminoethyl]phenyl}thiophen-2-yl)ethyl]-6,7-dimethoxy-2-methylquinazolin-4-amine",,,,,,,2018,data/bronze/artifacts/2018_raw.xlsx,Sheet1,360
WNMUNVHWXVZVQR-UHFFFAOYSA-N,360,"N-[1-(5-{2-[1-aminoethyl]phenyl}thiophen-2-yl)ethyl]-6,7-dimethoxy-2-methylquinazolin-4-amine",,,,,,,2018,data/bronze/artifacts/2018_raw.xlsx,Sheet1,361
WOVWIYYOEXCKHB-UHFFFAOYSA-N,290,"1-[2-(5-{1-[(6,7-dimethoxy-2-methylquinazolin-4-yl)amino]ethyl}thiophen-2-yl)benzyl]piperidine-3-carboxamide",,,,,,,2018,data/bronze/artifacts/2018_raw.xlsx,Sheet1,291
WOZACSIRNJCPBE-MRXNPFEDSA-N,108,"6,7-dimethoxy-2-methyl-N-{(1R)-1-[3-(3-methylpyridin-4-yl)phenyl]ethyl}quinazolin-4-amine",,,,,,,2018,data/bronze/artifacts/2018_raw.xlsx,Sheet1,109
WSDCPBSMWZAKHB-MRXNPFEDSA-N,82,"6,7-dimethoxy-2-methyl-N-{(1R)-1-[4'-(methylsulfonyl)biphenyl-3-yl]ethyl}quinazolin-4-amine",,,,,,,2018,data/bronze/artifacts/2018_raw.xlsx,Sheet1,83
WVDJOHPREAHRSK-UHFFFAOYSA-N,138,"N-[4-(5-{1-[(6,7-dimethoxy-2-methylquinazolin-4-yl)amino]ethyl}thiophen-2-yl)benzyl]acetamide",,,,,,,2018,data/bronze/artifacts/2018_raw.xlsx,Sheet1,139
WXLKOKCYCWXVGP-OAHLLOKOSA-N,354,7-methoxy-2-methyl-6-(oxetan-3-ylmethoxy)-N-{(1R)-1-[3-(1H-pyrazol-4-yl)phenyl]ethyl}quinazolin-4-amine,,,,,,,2018,data/bronze/artifacts/2018_raw.xlsx,Sheet1,355
WZOFCFKPZVSNNA-SNVBAGLBSA-N,31,6-bromo-N-[(1R)-1-(4-fluorophenyl)ethyl]-2-methylquinazolin-4-amine,,,,,,,2018,data/bronze/artifacts/2018_raw.xlsx,Sheet1,32
XBQLOJBAWLTGJZ-UHFFFAOYSA-N,323,"N-[1-(5-{4-chloro-2-[(dimethylamino)methyl]phenyl}thiophen-2-yl)ethyl]-6,7-dimethoxy-2-methylquinazolin-4-amine",,,,,,,2018,data/bronze/artifacts/2018_raw.xlsx,Sheet1,324
XBSZETQBRFZFAB-LLVKDONJSA-N,199,"3-{(1R)-1-[(6,7-dimethoxy-2-methylquinazolin-4-yl)amino]ethyl}benzamide",,,,,,,2018,data/bronze/artifacts/2018_raw.xlsx,Sheet1,200
XEMNVLMQSQSTBN-UHFFFAOYSA-N,150,"6,7-dimethoxy-2-methyl-N-[1-{5-[2-(trifluoromethoxy)phenyl]thiophen-2-yl}ethyl]quinazolin-4-amine",,,,,,,2018,data/bronze/artifacts/2018_raw.xlsx,Sheet1,151
XGRZOCWZXSLVFK-UHFFFAOYSA-N,141,"4-(5-(1-[(6,7-dimethoxy-2-methylquinazolin-4-yl)amino]ethyl}thiophen-2-yl)-N-propylbenzamide",,,,,,,2018,data/bronze/artifacts/2018_raw.xlsx,Sheet1,142
XGXIIJOTMQZGJY-UHFFFAOYSA-N,15,"N-[1-(1-benzothiophen-7-yl)ethyl]-6,7-dimethoxy-2-methylquinazolin-4-amine",,,,,,,2018,data/bronze/artifacts/2018_raw.xlsx,Sheet1,16
XKOAIHXEZOGCKW-OAHLLOKOSA-N,60,"6,7-dimethoxy-2-methyl-N-{(1R)-1-[3-(1H-pyrrolo[2,3-b]pyridin-5-yl)phenyl]ethyl}quinazolin-4-amine",,,,,,,2018,data/bronze/artifacts/2018_raw.xlsx,Sheet1,61
XLSFWPPECVHBRO-UHFFFAOYSA-N,284,"N-benzyl-2-[2-(5-{1-[(6,7-dimethoxy-2-methylquinazolin-4-yl)amino]ethyl}thiophen-2-yl)benzyl]glycinamide",,,,,,,2018,data/bronze/artifacts/2018_raw.xlsx,Sheet1,285
XNNMTZPOYZVZIK-GOSISDBHSA-N,92,"tert-butyl(3'-{(1R)-1-[(6,7-dimethoxy-2-methylquinazolin-4-yl)amino]ethyl}biphenyl-4-yl)carbamate",,,,,,,2018,data/bronze/artifacts/2018_raw.xlsx,Sheet1,93
XQRRLFJCJYDVJF-ZHACJKMWSA-N,157,"N-[1-{5-[(E)-2-cyclohexylethenyl]thiophen-2-yl}ethyl]-6,7-dimethoxy-2-methylquinazolin-4-amine",,,,,,,2018,data/bronze/artifacts/2018_raw.xlsx,Sheet1,158
XRGDXPBYPNBGJI-UHFFFAOYSA-N,219,"N-{1-[5-(6,7-dihydro-5H-pyrrolo[1,2-a]imidazol-3-yl)thiophen-2-yl]ethyl}-6,7-dimethoxy-2-methylquinazolin-4-amine",,,,,,,2018,data/bronze/artifacts/2018_raw.xlsx,Sheet1,220
XRGDXPBYPNBGJI-UHFFFAOYSA-N,328,"N-{1-[5-(6,7-dihydro-5H-pyrrolo[1,2-a]imidazol-3-yl)thiophen-2-yl]ethyl}-6,7-dimethoxy-2-methylquinazolin-4-amine,enantiomer1",,,,,,,2018,data/bronze/artifacts/2018_raw.xlsx,Sheet1,329
XRGDXPBYPNBGJI-UHFFFAOYSA-N,329,"N-{1-[5-(6,7-dihydro-5H-pyrrolo[1,2-a]imidazol-3-yl)thiophen-2-yl]ethyl}-6,7-dimethoxy-2-methylquinazolin-4-amine,enantiomer2",,,,,,,2018,data/bronze/artifacts/2018_raw.xlsx,Sheet1,330
XSCGNQVKHNUXCS-UHFFFAOYSA-N,267,"6,7-dimethoxy-2-methyl-N-[1-(4-{1-[2-(pyrrolidin-1-yl)ethyl]-1H-pyrazol-3-yl}thiophen-2-yl)ethyl]quinazolin-4-amine",,,,,,,2018,data/bronze/artifacts/2018_raw.xlsx,Sheet1,268
XTGJIPUALCAJTG-UHFFFAOYSA-N,165,"N-[3-(5-{1-[(6,7-dimethoxy-2-methylquinazolin-4-yl)amino]ethyl}thiophen-2-yl)phenyl]methanesulfonamide",,,,,,,2018,data/bronze/artifacts/2018_raw.xlsx,Sheet1,166
XWFFDJRJWMOLAE-UHFFFAOYSA-N,288,"N-[1-(5-{2-[(diethylamino)methyl]phenyl}thiophen-2-yl)ethyl]-6,7-dimethoxy-2-methylquinazolin-4-amine",,,,,,,2018,data/bronze/artifacts/2018_raw.xlsx,Sheet1,289
XWHZWKBTIVOAOQ-OAHLLOKOSA-N,274,"N-{(1R)-1-[2'-(aminomethyl)-4'-fluorobiphenyl-3-yl]ethyl}-6,7-dimethoxy-2-methylquinazolin-4-amine",,,,,,,2018,data/bronze/artifacts/2018_raw.xlsx,Sheet1,275
XWYOJOQZTNFUQL-UHFFFAOYSA-N,128,"6,7-dimethoxy-2-methyl-N-[1-{5-[4-(5-methyl-1,3,4-oxadiazol-2-yl)phenyl]thiophen-2-yl}ethyl]quinazolin-4-amine",,,,,,,2018,data/bronze/artifacts/2018_raw.xlsx,Sheet1,129
XYCLWJLFNOLMEC-UHFFFAOYSA-N,130,"3-(5-(1-[(6,7-dimethoxy-2-methylquinazolin-4-yl)amino]ethyl}thiophen-2-yl)benzenesulfonamide",,,,,,,2018,data/bronze/artifacts/2018_raw.xlsx,Sheet1,131
XYIZAEFFWBFGON-UHFFFAOYSA-N,23,"N-[1-(1,3-benzodioxol-5-yl)ethyl]-6,7-dimethoxy-2-methylquinazolin-4-amine",,,,,,,2018,data/bronze/artifacts/2018_raw.xlsx,Sheet1,24
YBBSIQXEJSKXNM-OAHLLOKOSA-N,100,"6,7-dimethoxy-2-methyl-N-{(1R)-1-[3'-(trifluoromethyl)biphenyl-3-yl]ethyl}quinazolin-4-amine",,,,,,,2018,data/bronze/artifacts/2018_raw.xlsx,Sheet1,101
YBGIWKUPZIMNAA-UHFFFAOYSA-N,238,"N-{1-[5-(2-{[3-(dimethylamino)pyrrolidin-1-yl]methyl}phenyl)thiophen-2-yl]ethyl}-6,7-dimethoxy-2-methylquinazolin-4-amine",,,,,,,2018,data/bronze/artifacts/2018_raw.xlsx,Sheet1,239
YCPFSOXGJJIMPO-CQSZACIVSA-N,86,"N-{(1R)-1-[3-(furan-3-yl)phenyl]ethyl}-6,7-dimethoxy-2-methylquinazolin-4-amine",,,,,,,2018,data/bronze/artifacts/2018_raw.xlsx,Sheet1,87
YDILPBWMBOOAKA-OAHLLOKOSA-N,448,7-methoxy-2-methyl-6-[2-(methylsulfonyl)ethoxy]-N-{(1R)-1-[3-(1H-pyrazol-4-yl)phenyl]ethyl}quinazolin-4-amine,,,,,,,2018,data/bronze/artifacts/2018_raw.xlsx,Sheet1,449
YDOYDVLKUAQJOE-UHFFFAOYSA-N,45,"N-{1-[5-(isoquinolin-5-yl)thiophen-2-yl]ethyl}-6,7-dimethoxy-2-methylquinazolin-4-amine",,,,,,,2018,data/bronze/artifacts/2018_raw.xlsx,Sheet1,46
YHNRORTXTUZHAK-UHFFFAOYSA-N,208,"N-[1-(5-bromofuran-2-yl)ethyl]-6,7-dimethoxy-2-methylquinazolin-4-amine",,,,,,,2018,data/bronze/artifacts/2018_raw.xlsx,Sheet1,209
YIBKXDPENKLLHG-UHFFFAOYSA-N,222,"6,7-dimethoxy-2-methyl-N-{1-[5-(1H-pyrazol-3-yl)thiophen-2-yl]ethyl}quinazolin-4-amine",,,,,,,2018,data/bronze/artifacts/2018_raw.xlsx,Sheet1,223
YKQOUDFWKGMCLA-UHFFFAOYSA-N,216,"6,7-dimethoxy-2-methyl-N-{1-[3-(2H-tetrazol-5-yl)phenyl]ethyl}quinazolin-4-amine",,,,,,,2018,data/bronze/artifacts/2018_raw.xlsx,Sheet1,217
YKWQYBNEANOOHA-UHFFFAOYSA-N,153,"N-{1-[5-(furan-3-yl)thiophen-2-yl]ethyl}-6,7-dimethoxy-2-methylquinazolin-4-amine",,,,,,,2018,data/bronze/artifacts/2018_raw.xlsx,Sheet1,154
YLXBJYFCIQXNAS-UHFFFAOYSA-N,368,"6,7-dimethoxy-2-methyl-N-[1-{5-[2-(1H-tetrazol-5-yl)phenyl]thiophen-2-yl}ethyl]quinazolin-4-amine",,,,,,,2018,data/bronze/artifacts/2018_raw.xlsx,Sheet1,369
YMMCURFFKNHDGQ-UHFFFAOYSA-N,25,"6,7-dimethoxy-2-methyl-N-[1-(5,6,7,8-tetrahydronaphthalen-2-yl)ethyl]quinazolin-4-amine",,,,,,,2018,data/bronze/artifacts/2018_raw.xlsx,Sheet1,26
YMOUWFFPHWVPLE-GFCCVEGCSA-N,419,N-[(1R)-1-(5-bromothiophen-2-yl)ethyl]-2-methyl-6-(pyrrolidin-1-yl)quinazolin-4-amine,,,,,,,2018,data/bronze/artifacts/2018_raw.xlsx,Sheet1,420
YOLIHMOTLQBFOV-CYBMUJFWSA-N,190,"6,7-dimethoxy-2-methyl-N-[(1R)-1-(3-methylphenyl)ethyl]quinazolin-4-amine",,,,,,,2018,data/bronze/artifacts/2018_raw.xlsx,Sheet1,191
YQIYXWAQCMATDY-OAQYLSRUSA-N,97,"N-{(1R)-1-[4'-(benzyloxy)biphenyl-3-yl]ethyl}-6,7-dimethoxy-2-methylquinazolin-4-amine",,,,,,,2018,data/bronze/artifacts/2018_raw.xlsx,Sheet1,98
YQLDKGRZQQJIJR-XYOKQWHBSA-N,145,"6,7-dimethoxy-2-methyl-N-[1-{5-[(1E)-3-phenylprop-1-en-1-yl]thiophen-2-yl}ethyl]quinazolin-4-amine",,,,,,,2018,data/bronze/artifacts/2018_raw.xlsx,Sheet1,146
YQNXRAVZFJTHLC-UHFFFAOYSA-N,8,"6,7-dimethoxy-2-methyl-N-[1-(2-methyl-2H-indazol-7-yl)ethyl]quinazolin-4-amine",,,,,,,2018,data/bronze/artifacts/2018_raw.xlsx,Sheet1,9
YSENVGFEDBUACX-LJQANCHMSA-N,257,"6,7-dimethoxy-2-methyl-N-[(1R)-1-(3-{1-[2-(pyrrolidin-1-yl)ethyl]-1H-pyrazol-4-yl}phenyl)ethyl]quinazolin-4-amine",,,,,,,2018,data/bronze/artifacts/2018_raw.xlsx,Sheet1,258
YSQKBXGVSOWKSS-OAHLLOKOSA-N,83,"6,7-dimethoxy-2-methyl-N-{(1R)-1-[2'-(trifluoromethoxy)biphenyl-3-yl]ethyl}quinazolin-4-amine",,,,,,,2018,data/bronze/artifacts/2018_raw.xlsx,Sheet1,84
YUANELMTGFJWIB-UHFFFAOYSA-N,283,"2-[2-(5-{1-[(6,7-dimethoxy-2-methylquinazolin-4-yl)amino]ethyl}thiophen-2-yl)benzyl]-N-(2-methoxyethyl)glycinamide",,,,,,,2018,data/bronze/artifacts/2018_raw.xlsx,Sheet1,284
YVOIIBBPZPUBFB-UHFFFAOYSA-N,358,"tert-butyl{1-[2-(5-(1-[(6,7-dimethoxy-2-methylquinazolin-4-yl)amino]ethyl}thiophen-2-yl)phenyl]ethyl}carbamate",,,,,,,2018,data/bronze/artifacts/2018_raw.xlsx,Sheet1,359
YWFITADJUIILQD-UHFFFAOYSA-N,133,"N-[1-{5-[2-(ethoxymethyl)phenyl]thiophen-2-yl}ethyl]-6,7-dimethoxy-2-methylquinazolin-4-amine",,,,,,,2018,data/bronze/artifacts/2018_raw.xlsx,Sheet1,134
YZYUTWFTEUXUHK-QGZVFWFLSA-N,101,"3'-{(1R)-1-[(6,7-dimethoxy-2-methylquinazolin-4-yl)amino]ethyl}-N,N-dimethylbiphenyl-2-sulfonamide",,,,,,,2018,data/bronze/artifacts/2018_raw.xlsx,Sheet1,102
ZAYXBMONWLXFGQ-UHFFFAOYSA-N,48,"2-(5-(1-[(6J-dimethoxy-2-methylquinazolin-4-yl)amino]ethyl}thiophen-2-yl)-N,N-dimethylbenzamide",,,,,,,2018,data/bronze/artifacts/2018_raw.xlsx,Sheet1,49
ZBCNIIYMRPOEHW-UHFFFAOYSA-N,366,"N-[1-(5-(2-[(butylamino)methyl]phenyl}thiophen-2-yl)ethyl]-6,7-dimethoxy-2-methylquinazolin-4-amine",,,,,,,2018,data/bronze/artifacts/2018_raw.xlsx,Sheet1,367
ZCXBHFZKKSGCSR-UHFFFAOYSA-N,312,"1-[2-(5-{1-[(6,7-dimethoxy-2-methylquinazolin-4-yl)amino]ethyl}thiophen-2-yl)benzyl]azetidin-3-ol",,,,,,,2018,data/bronze/artifacts/2018_raw.xlsx,Sheet1,313
ZCXCGTCKSRJETK-UHFFFAOYSA-N,7,"6,7-dimethoxy-2-methyl-N-[1-(5-methyl-1H-indazol-4-yl)ethyl]quinazolin-4-amine",,,,,,,2018,data/bronze/artifacts/2018_raw.xlsx,Sheet1,8
ZDNCZRCBJYLNOA-UHFFFAOYSA-N,381,"N-{1-[5-(6,7-dihydro-5H-pyrrolo[1,2-a]imidazol-3-yl)-4-methylthiophen-2-yl]ethyl}-6,7-dimethoxy-2-methylquinazolin-4-amine",,,,,,,2018,data/bronze/artifacts/2018_raw.xlsx,Sheet1,382
ZEBUQLUWVPYOPQ-UHFFFAOYSA-N,415,N-[1-(5-{2-[(dimethylamino)methyl]phenyl}thiophen-2-yl)ethyl]-2-methyl-6-(pyrrolidin-1-yl)quinazolin-4-amine,,,,,,,2018,data/bronze/artifacts/2018_raw.xlsx,Sheet1,416
ZJNKIELOCUQXBL-LLVKDONJSA-N,2,"N-[(1R)-1-(3-chlorophenyl)ethyl]-6,7-dimethoxy-2-methylquinazolin-4-amine",,,,,,,2018,data/bronze/artifacts/2018_raw.xlsx,Sheet1,3
ZMXXFWQNRDIORQ-UHFFFAOYSA-N,173,"6,7-dimethoxy-2-methyl-N-[1-{5-[3-(methylsulfonyl)phenyl]thiophen-2-yl}ethyl]quinazolin-4-amine",,,,,,,2018,data/bronze/artifacts/2018_raw.xlsx,Sheet1,174
ZNACHUOMUAVXJR-UHFFFAOYSA-N,131,"N-{1-[5-(2-aminopyrimidin-5-yl)thiophen-2-yl]ethyl}-6,7-dimethoxy-2-methylquinazolin-4-amine",,,,,,,2018,data/bronze/artifacts/2018_raw.xlsx,Sheet1,132
ZPDFUBVGHBZXFI-UHFFFAOYSA-N,411,"4-[2-(5-{1-[(6,7-dimethoxy-2-methylquinazolin-4-yl)amino]ethyl}thiophen-2-yl)phenyl]azetidin-2-one",,,,,,,2018,data/bronze/artifacts/2018_raw.xlsx,Sheet1,412
ZPSSWRHWKBSROX-IZPAUZPXSA-N,116,"6,7-dimethoxy-2-methyl-N-[(1R)-1-{3-[(1E)-prop-1-en-1-yl]phenyl}ethyl]quinazolin-4-amine",,,,,,,2018,data/bronze/artifacts/2018_raw.xlsx,Sheet1,117
ZQRNMAWDJOAGNW-UHFFFAOYSA-N,52,"(5'-{1-[(6,7-dimethoxy-2-methylquinazolin-4-yl)amino]ethyl}-2,2'-bithiophen-5-yl)methanol",,,,,,,2018,data/bronze/artifacts/2018_raw.xlsx,Sheet1,53
ZTIVVUZZTRMFIP-UHFFFAOYSA-N,424,N-[1-(5-bromothiophen-2-yl)ethyl]-2-methyl-6-[4-(pyridin-3-ylmethyl)piperazin-1-yl]quinazolin-4-amine,,,,,,,2018,data/bronze/artifacts/2018_raw.xlsx,Sheet1,425
ZVHOLBQQRGMFQR-UHFFFAOYSA-N,151,"6,7-dimethoxy-2-methyl-N-[1-{5-[3-(trifluoromethoxy)phenyl]thiophen-2-yl}ethyl]quinazolin-4-amine",,,,,,,2018,data/bronze/artifacts/2018_raw.xlsx,Sheet1,152
ZVNROXMDHIRRML-UHFFFAOYSA-N,375,"1-[2-(5-{1-[(6,7-dimethoxy-2-methylquinazolin-4-yl)amino]ethyl}thiophen-2-yl)phenyl]-3-phenylpropan-1-ol",,,,,,,2018,data/bronze/artifacts/2018_raw.xlsx,Sheet1,376
ZWGYIAUOOJXAGU-OAHLLOKOSA-N,117,"N-{(1R)-1-[3-(cyclopent-1-en-1-yl)phenyl]ethyl}-6,7-dimethoxy-2-methylquinazolin-4-amine",,,,,,,2018,data/bronze/artifacts/2018_raw.xlsx,Sheet1,118
ZXQJSVYEPHQHAU-UHFFFAOYSA-N,324,"1-[2-(5-{1-[(6,7-dimethoxy-2-methylquinazolin-4-yl)amino]ethyl}thiophen-2-yl)phenyl]ethanone",,,,,,,2018,data/bronze/artifacts/2018_raw.xlsx,Sheet1,325
ZYCOMNLSKYIQHE-UHFFFAOYSA-N,241,"3-(5-{1-[(6,7-dimethoxy-2-methylquinazolin-4-yl)amino]ethyl}thiophen-2-yl)benzamide",,,,,,,2018,data/bronze/artifacts/2018_raw.xlsx,Sheet1,242
ZZWIJXZBCOMOSE-QGZVFWFLSA-N,72,"N-[(3'-{(1R)-1-[(6,7-dimethoxy-2-methylquinazolin-4-yl)amino]ethyl}biphenyl-4-yl)methyl]methanesulfonamide",,,,,,,2018,data/bronze/artifacts/2018_raw.xlsx,Sheet1,73
