compound_id,smiles_raw,dataset_id,provenance_file,provenance_sheet,provenance_row
1,COC=1C=C2C(=NC(=NC2=CC1OC)C)N[C@H](C)C1=CC=CC2=CC=CC=C12,2018,raw/2018_WO2018172250_raw.xlsx,Sheet1,1
2,ClC=1C=C(C=CC1)[C@@H](C)NC1=NC(=NC2=CC(=C(C=C12)OC)OC)C,2018,raw/2018_WO2018172250_raw.xlsx,Sheet1,2
3,COC(=O)C=1SC2=C(C1)C(=CC=C2)C(C)NC2=NC(=NC1=CC(=C(C=C21)OC)OC)C,2018,raw/2018_WO2018172250_raw.xlsx,Sheet1,3
4,O1C=CC2=C1C(=CC=C2)C(C)NC2=NC(=NC1=CC(=C(C=C21)OC)OC)C,2018,raw/2018_WO2018172250_raw.xlsx,Sheet1,4
5,FC=1C=CC(=C2C=NNC12)C(C)NC1=NC(=NC2=CC(=C(C=C12)OC)OC)C,2018,raw/2018_WO2018172250_raw.xlsx,Sheet1,5
6,FC1=CC(=C2C=NNC2=C1)C(C)NC1=NC(=NC2=CC(=C(C=C12)OC)OC)C,2018,raw/2018_WO2018172250_raw.xlsx,Sheet1,6
7,COC=1C=C2C(=NC(=NC2=CC1OC)C)NC(C)C1=C2C=NNC2=CC=C1C,2018,raw/2018_WO2018172250_raw.xlsx,Sheet1,7
8,COC=1C=C2C(=NC(=NC2=CC1OC)C)NC(C)C1=CC=CC2=CN(N=C12)C,2018,raw/2018_WO2018172250_raw.xlsx,Sheet1,8
9,COC=1C=C2C(=NC(=NC2=CC1OC)C)NC(C)C=1C2=CN(N=C2C=CC1)C,2018,raw/2018_WO2018172250_raw.xlsx,Sheet1,9
10,COC=1C=C2C(=NC(=NC2=CC1OC)C)NC(C)C=1C=CC=C2C=NN(C12)C,2018,raw/2018_WO2018172250_raw.xlsx,Sheet1,10
11,COC=1C=C2C(=NC(=NC2=CC1OC)C)NC(C)C1=CC=CC=2CCCCC12,2018,raw/2018_WO2018172250_raw.xlsx,Sheet1,11
12,FC1=CC=C(C=C1)[C@@H](C)NC1=NC(=NC2=CC(=C(C=C12)OC)OC)C,2018,raw/2018_WO2018172250_raw.xlsx,Sheet1,12
13,COC=1C=C2C(=NC(=NC2=CC1OC)C)NC(C)C1=C2C(=NNC2=CC=C1)C,2018,raw/2018_WO2018172250_raw.xlsx,Sheet1,13
14,S1C=NC2=C1C=CC=C2C(C)NC2=NC(=NC1=CC(=C(C=C21)OC)OC)C,2018,raw/2018_WO2018172250_raw.xlsx,Sheet1,14
15,S1C=CC2=C1C(=CC=C2)C(C)NC2=NC(=NC1=CC(=C(C=C21)OC)OC)C,2018,raw/2018_WO2018172250_raw.xlsx,Sheet1,15
16,COC=1C=C2C(=NC(=NC2=CC1OC)C)NC(C)C1=C2C=NNC2=CC(=C1)C,2018,raw/2018_WO2018172250_raw.xlsx,Sheet1,16
17,COC=1C=C2C(=NC(=NC2=CC1OC)C)NC(C)C1=C2C=NN(C2=CC=C1)C,2018,raw/2018_WO2018172250_raw.xlsx,Sheet1,17
18,FC=1C(=C2C=NNC2=CC1)C(C)NC1=NC(=NC2=CC(=C(C=C12)OC)OC)C,2018,raw/2018_WO2018172250_raw.xlsx,Sheet1,18
19,O1CCOC2=C1C=CC(=C2)C(C)NC2=NC(=NC1=CC(=C(C=C21)OC)OC)C,2018,raw/2018_WO2018172250_raw.xlsx,Sheet1,19
20,O1C(=CC2=C1C=CC=C2)C(C)NC2=NC(=NC1=CC(=C(C=C21)OC)OC)C,2018,raw/2018_WO2018172250_raw.xlsx,Sheet1,20
21,COC1=C(C=CC=C1OC)C(C)NC1=NC(=NC2=CC(=C(C=C12)OC)OC)C,2018,raw/2018_WO2018172250_raw.xlsx,Sheet1,21
22,O1CCC2=C1C=CC=C2C(C)NC2=NC(=NC1=CC(=C(C=C21)OC)OC)C,2018,raw/2018_WO2018172250_raw.xlsx,Sheet1,22
23,O1COC2=C1C=CC(=C2)C(C)NC2=NC(=NC1=CC(=C(C=C21)OC)OC)C,2018,raw/2018_WO2018172250_raw.xlsx,Sheet1,23
24,O1CCC2=C1C=CC(=C2)C(C)NC2=NC(=NC1=CC(=C(C=C21)OC)OC)C,2018,raw/2018_WO2018172250_raw.xlsx,Sheet1,24
25,COC=1C=C2C(=NC(=NC2=CC1OC)C)NC(C)C1=CC=2CCCCC2C=C1,2018,raw/2018_WO2018172250_raw.xlsx,Sheet1,25
26,COC=1C=C2C(=NC(=NC2=CC1OC)C)NC(C)C1=C(N=C2N1C=CC=C2)C,2018,raw/2018_WO2018172250_raw.xlsx,Sheet1,26
27,S1C=C(C2=C1C=CC=C2)C(C)NC2=NC(=NC1=CC(=C(C=C21)OC)OC)C,2018,raw/2018_WO2018172250_raw.xlsx,Sheet1,27
28,COC=1C=C2C(=NC(=NC2=CC1OC)C)NC(C)C=1OC2=C(C1)C=CC=C2O,2018,raw/2018_WO2018172250_raw.xlsx,Sheet1,28
29,BrC=1C=C2C(=NC(=NC2=CC1)C)N[C@H](C)C1=CC=CC=C1,2018,raw/2018_WO2018172250_raw.xlsx,Sheet1,29
30,CS(=O)(C)=NC=1C=C2C(=NC(=NC2=CC1)C)N[C@H](C)C1=CC=CC=C1,2018,raw/2018_WO2018172250_raw.xlsx,Sheet1,30
31,BrC=1C=C2C(=NC(=NC2=CC1)C)N[C@H](C)C1=CC=C(C=C1)F,2018,raw/2018_WO2018172250_raw.xlsx,Sheet1,31
32,CS(=O)(C)=NC=1C=C2C(=NC(=NC2=CC1)C)N[C@H](C)C1=CC=C(C=C1)F,2018,raw/2018_WO2018172250_raw.xlsx,Sheet1,32
33,COC=1C=C2C(=NC(=NC2=CC1OC)C)NC(C)C=1OC2=C(C1)C=CC=C2OC,2018,raw/2018_WO2018172250_raw.xlsx,Sheet1,33
34,COC=1C=C2C(=NC(=NC2=CC1OC)C)NC(C)C=1C=CC2=C(NC(CO2)=O)C1,2018,raw/2018_WO2018172250_raw.xlsx,Sheet1,34
35,COC=1C=C2C(=NC(=NC2=CC1OC)C)NC(C)C1=CC2=CC=C(C=C2C=C1)OC,2018,raw/2018_WO2018172250_raw.xlsx,Sheet1,35
36,NC=1C=CC(=C(C1)C1=CC(=CC=C1)[C@@H](C)NC1=NC(=NC2=CC(=C(C=C12)OC)OC)C)C,2018,raw/2018_WO2018172250_raw.xlsx,Sheet1,36
37,COC=1C=C2C(=NC(=NC2=CC1OC)C)N[C@H](C)C1=CC(=CC=C1)C=1C=NC=NC1,2018,raw/2018_WO2018172250_raw.xlsx,Sheet1,37
38,C1(CC1)COC=1C=C(C=CC1)C1=CC(=CC=C1)[C@@H](C)NC1=NC(=NC2=CC(=C(C=C12)OC)OC)C,2018,raw/2018_WO2018172250_raw.xlsx,Sheet1,38
39,C1=NC=CC2=C(C=CC=C12)C=1C=C(C=CC1)[C@@H](C)NC1=NC(=NC2=CC(=C(C=C12)OC)OC)C,2018,raw/2018_WO2018172250_raw.xlsx,Sheet1,39
40,ClC1=C(C(=CC=C1C)F)C1=CC(=CC=C1)[C@@H](C)NC1=NC(=NC2=CC(=C(C=C12)OC)OC)C,2018,raw/2018_WO2018172250_raw.xlsx,Sheet1,40
41,COC=1C=C2C(=NC(=NC2=CC1OC)C)N[C@H](C)C1=CC(=CC=C1)C=1C=NC=C(C1)C,2018,raw/2018_WO2018172250_raw.xlsx,Sheet1,41
42,COC=1C=C2C(=NC(=NC2=CC1OC)C)NC(C)C=1SC(=CC1)C=1C=NC=NC1,2018,raw/2018_WO2018172250_raw.xlsx,Sheet1,42
43,COC=1C=C2C(=NC(=NC2=CC1OC)C)NC(C)C=1SC(=CC1)C1=CC=C(C=C1)N1CCOCC1,2018,raw/2018_WO2018172250_raw.xlsx,Sheet1,43
44,COC=1C=C2C(=NC(=NC2=CC1OC)C)NC(C)C=1SC(=CC1)C1=CC(=CC=C1)N1CCOCC1,2018,raw/2018_WO2018172250_raw.xlsx,Sheet1,44
45,C1=NC=CC2=C(C=CC=C12)C1=CC=C(S1)C(C)NC1=NC(=NC2=CC(=C(C=C12)OC)OC)C,2018,raw/2018_WO2018172250_raw.xlsx,Sheet1,45
46,COC=1C=C2C(=NC(=NC2=CC1OC)C)NC(C)C=1SC(=CC1)C=1C=NC=C(C1)C,2018,raw/2018_WO2018172250_raw.xlsx,Sheet1,46
47,COC=1C=C2C(=NC(=NC2=CC1OC)C)NC(C)C=1SC(=CC1)C1=C(C=CC=C1)OCCC,2018,raw/2018_WO2018172250_raw.xlsx,Sheet1,47
48,COC=1C=C2C(=NC(=NC2=CC1OC)C)NC(C)C1=CC=C(S1)C1=C(C(=O)N(C)C)C=CC=C1,2018,raw/2018_WO2018172250_raw.xlsx,Sheet1,48
49,COC=1C=C2C(=NC(=NC2=CC1OC)C)NC(C)C=1SC(=CC1)C=1C=C2C=CN(C2=CC1)C,2018,raw/2018_WO2018172250_raw.xlsx,Sheet1,49
50,COC=1C=C2C(=NC(=NC2=CC1OC)C)NC(C)C=1SC(=CC1)C1=C(C=CC=C1)COC,2018,raw/2018_WO2018172250_raw.xlsx,Sheet1,50
51,COC=1C=C2C(=NC(=NC2=CC1OC)C)NC(C)C1=CC=C(S1)C=1C=C(C(=O)N(C)C)C=CC1,2018,raw/2018_WO2018172250_raw.xlsx,Sheet1,51
52,COC=1C=C2C(=NC(=NC2=CC1OC)C)NC(C)C1=CC=C(S1)C=1SC(=CC1)CO,2018,raw/2018_WO2018172250_raw.xlsx,Sheet1,52
53,COC=1C=C2C(=NC(=NC2=CC1OC)C)NC(C)C=1SC(=CC1)C1=C(C=NC=C1)C,2018,raw/2018_WO2018172250_raw.xlsx,Sheet1,53
54,N1C=CC2=CC=C(C=C12)C1=CC=C(S1)C(C)NC1=NC(=NC2=CC(=C(C=C12)OC)OC)C,2018,raw/2018_WO2018172250_raw.xlsx,Sheet1,54
55,COC=1C=C2C(=NC(=NC2=CC1OC)C)N[C@H](C)C=1C=C(C=CC1)C1=CC(=CC=C1)C=1OC(=NN1)C,2018,raw/2018_WO2018172250_raw.xlsx,Sheet1,55
56,COC=1C=C2C(=NC(=NC2=CC1OC)C)N[C@H](C)C1=CC(=CC=C1)C=1C=NC=C(C1)S(=O)(=O)C,2018,raw/2018_WO2018172250_raw.xlsx,Sheet1,56
57,COC=1C=C2C(=NC(=NC2=CC1OC)C)N[C@H](C)C=1C=C(C=CC1)C=1C=C2CC(NC2=CC1)=O,2018,raw/2018_WO2018172250_raw.xlsx,Sheet1,57
58,CC1(C(C1)C=1C=C(C=CC1)[C@@H](C)NC1=NC(=NC2=CC(=C(C=C12)OC)OC)C)C,2018,raw/2018_WO2018172250_raw.xlsx,Sheet1,58
59,COC=1C=C2C(=NC(=NC2=CC1OC)C)N[C@H](C)C=1C=C(C=CC1)C1=CC=C(C=C1)C=1OC(=NN1)C,2018,raw/2018_WO2018172250_raw.xlsx,Sheet1,59
60,COC=1C=C2C(=NC(=NC2=CC1OC)C)N[C@H](C)C1=CC(=CC=C1)C=1C=C2C(=NC1)NC=C2,2018,raw/2018_WO2018172250_raw.xlsx,Sheet1,60
61,COC=1C=C2C(=NC(=NC2=CC1OC)C)N[C@H](C)C=1C=C(C=CC1)C1=CC(=CC=C1)S(=O)(=O)N,2018,raw/2018_WO2018172250_raw.xlsx,Sheet1,61
62,NC1=NC=C(C=N1)C=1C=C(C=CC1)[C@@H](C)NC1=NC(=NC2=CC(=C(C=C12)OC)OC)C,2018,raw/2018_WO2018172250_raw.xlsx,Sheet1,62
63,C1(CC1)/C=C/C=1C=C(C=CC1)[C@@H](C)NC1=NC(=NC2=CC(=C(C=C12)OC)OC)C,2018,raw/2018_WO2018172250_raw.xlsx,Sheet1,63
64,C(C)OCC1=C(C=CC=C1)C1=CC(=CC=C1)[C@@H](C)NC1=NC(=NC2=CC(=C(C=C12)OC)OC)C,2018,raw/2018_WO2018172250_raw.xlsx,Sheet1,64
65,FC=1C=C(C=C(C1)OC)C1=CC(=CC=C1)[C@@H](C)NC1=NC(=NC2=CC(=C(C=C12)OC)OC)C,2018,raw/2018_WO2018172250_raw.xlsx,Sheet1,65
66,COC=1C=C2C(=NC(=NC2=CC1OC)C)N[C@H](C)C1=CC(=CC=C1)C=1OC2=C(C1)C=C(C=C2)OC,2018,raw/2018_WO2018172250_raw.xlsx,Sheet1,66
67,C(CCC)OC1=C(C(=CC=C1)F)C1=CC(=CC=C1)[C@@H](C)NC1=NC(=NC2=CC(=C(C=C12)OC)OC)C,2018,raw/2018_WO2018172250_raw.xlsx,Sheet1,67
68,COC=1C=C2C(=NC(=NC2=CC1OC)C)N[C@H](C)C=1C=C(C=CC1)C=1C=CC(=NC1)O,2018,raw/2018_WO2018172250_raw.xlsx,Sheet1,68
69,COC=1C=C2C(=NC(=NC2=CC1OC)C)N[C@H](C)C=1C=C(C=CC1)C1=CC=C(C=C1)C(C#N)(C)C,2018,raw/2018_WO2018172250_raw.xlsx,Sheet1,69
70,COC=1C=C2C(=NC(=NC2=CC1OC)C)NC(C)C=1SC(=CC1)C1=CC=CC=C1,2018,raw/2018_WO2018172250_raw.xlsx,Sheet1,70
71,COC=1C=C2C(=NC(=NC2=CC1OC)C)N[C@H](C)C=1C=C(C=CC1)C1=CC(=CC=C1)CNS(=O)(=O)C,2018,raw/2018_WO2018172250_raw.xlsx,Sheet1,71
72,COC=1C=C2C(=NC(=NC2=CC1OC)C)N[C@H](C)C=1C=C(C=CC1)C1=CC=C(C=C1)CNS(=O)(=O)C,2018,raw/2018_WO2018172250_raw.xlsx,Sheet1,72
73,COC=1C=C2C(=NC(=NC2=CC1OC)C)N[C@H](C)C=1C=C(C=CC1)C1=CC=C(C=C1)C(=O)NCCC,2018,raw/2018_WO2018172250_raw.xlsx,Sheet1,73
74,COC=1C=C2C(=NC(=NC2=CC1OC)C)N[C@H](C)C=1C=C(C=CC1)C1=CC=C(C=C1)C(=O)NCCN(C)C,2018,raw/2018_WO2018172250_raw.xlsx,Sheet1,74
75,COC=1C=C2C(=NC(=NC2=CC1OC)C)N[C@H](C)C1=CC(=CC=C1)C1=NNC=C1,2018,raw/2018_WO2018172250_raw.xlsx,Sheet1,75
76,C/C(=C\C)/C=1C=C(C=CC1)[C@@H](C)NC1=NC(=NC2=CC(=C(C=C12)OC)OC)C,2018,raw/2018_WO2018172250_raw.xlsx,Sheet1,76
77,ClC=1C=CC(=C(C1)C1=CC(=CC=C1)[C@@H](C)NC1=NC(=NC2=CC(=C(C=C12)OC)OC)C)OCCC,2018,raw/2018_WO2018172250_raw.xlsx,Sheet1,77
78,COC=1C=C2C(=NC(=NC2=CC1OC)C)N[C@H](C)C1=CC(=CC=C1)\C=C\CC1=CC=CC=C1,2018,raw/2018_WO2018172250_raw.xlsx,Sheet1,78
79,COC=1C=C2C(=NC(=NC2=CC1OC)C)N[C@H](C)C=1C=C(C=CC1)C1=CC=C(C=C1)N1CCOCC1,2018,raw/2018_WO2018172250_raw.xlsx,Sheet1,79
80,COC=1C=C2C(=NC(=NC2=CC1OC)C)N[C@H](C)C=1C=C(C=CC1)C1=CC(=CC=C1)N1CCOCC1,2018,raw/2018_WO2018172250_raw.xlsx,Sheet1,80
81,C(C1=CC=CC=C1)OC1=C(C=CC=C1)C1=CC(=CC=C1)[C@@H](C)NC1=NC(=NC2=CC(=C(C=C12)OC)OC)C,2018,raw/2018_WO2018172250_raw.xlsx,Sheet1,81
82,COC=1C=C2C(=NC(=NC2=CC1OC)C)N[C@H](C)C=1C=C(C=CC1)C1=CC=C(C=C1)S(=O)(=O)C,2018,raw/2018_WO2018172250_raw.xlsx,Sheet1,82
83,COC=1C=C2C(=NC(=NC2=CC1OC)C)N[C@H](C)C=1C=C(C=CC1)C1=C(C=CC=C1)OC(F)(F)F,2018,raw/2018_WO2018172250_raw.xlsx,Sheet1,83
84,COC=1C=C2C(=NC(=NC2=CC1OC)C)N[C@H](C)C=1C=C(C=CC1)C1=CC(=CC=C1)OC(F)(F)F,2018,raw/2018_WO2018172250_raw.xlsx,Sheet1,84
85,N1C=CC2=CC(=CC=C12)C=1C=C(C=CC1)[C@@H](C)NC1=NC(=NC2=CC(=C(C=C12)OC)OC)C,2018,raw/2018_WO2018172250_raw.xlsx,Sheet1,85
86,O1C=C(C=C1)C=1C=C(C=CC1)[C@@H](C)NC1=NC(=NC2=CC(=C(C=C12)OC)OC)C,2018,raw/2018_WO2018172250_raw.xlsx,Sheet1,86
87,S1C=C(C2=C1C=CC=C2)C=2C=C(C=CC2)[C@@H](C)NC2=NC(=NC1=CC(=C(C=C21)OC)OC)C,2018,raw/2018_WO2018172250_raw.xlsx,Sheet1,87
88,COC=1C=C2C(=NC(=NC2=CC1OC)C)N[C@H](C)C1=CC(=CC=C1)C=1N(C2=CC=CC=C2C1)C,2018,raw/2018_WO2018172250_raw.xlsx,Sheet1,88
89,COC=1C=C2C(=NC(=NC2=CC1OC)C)N[C@H](C)C1=CC(=CC=C1)\C=C\CCC,2018,raw/2018_WO2018172250_raw.xlsx,Sheet1,89
90,C1(CCCCC1)/C=C/C=1C=C(C=CC1)[C@@H](C)NC1=NC(=NC2=CC(=C(C=C12)OC)OC)C,2018,raw/2018_WO2018172250_raw.xlsx,Sheet1,90
91,COC=1C=C2C(=NC(=NC2=CC1OC)C)N[C@H](C)C=1C=C(C=CC1)C1=C(C=CC=C1)OC1=CC=CC=C1,2018,raw/2018_WO2018172250_raw.xlsx,Sheet1,91
92,C(C)(C)(C)OC(NC1=CC=C(C=C1)C1=CC(=CC=C1)[C@@H](C)NC1=NC(=NC2=CC(=C(C=C12)OC)OC)C)=O,2018,raw/2018_WO2018172250_raw.xlsx,Sheet1,92
93,COC=1C=C2C(=NC(=NC2=CC1OC)C)N[C@H](C)C=1C=C(C=CC1)C1=CC(=CC=C1)/C=C/C#N,2018,raw/2018_WO2018172250_raw.xlsx,Sheet1,93
94,CC1=C(C=CC(=C1)C)C1=CC(=CC=C1)[C@@H](C)NC1=NC(=NC2=CC(=C(C=C12)OC)OC)C,2018,raw/2018_WO2018172250_raw.xlsx,Sheet1,94
95,COC=1C=C2C(=NC(=NC2=CC1OC)C)N[C@H](C)C=1C=C(C=CC1)C1=CC=C(S1)C(C)=O,2018,raw/2018_WO2018172250_raw.xlsx,Sheet1,95
96,O1COC2=C1C=CC(=C2)C=2C=C(C=CC2)[C@@H](C)NC2=NC(=NC1=CC(=C(C=C21)OC)OC)C,2018,raw/2018_WO2018172250_raw.xlsx,Sheet1,96
97,C(C1=CC=CC=C1)OC1=CC=C(C=C1)C1=CC(=CC=C1)[C@@H](C)NC1=NC(=NC2=CC(=C(C=C12)OC)OC)C,2018,raw/2018_WO2018172250_raw.xlsx,Sheet1,97
98,O1CCOC2=C1C=CC(=C2)C2=CC=C(S2)C(C)NC2=NC(=NC1=CC(=C(C=C21)OC)OC)C,2018,raw/2018_WO2018172250_raw.xlsx,Sheet1,98
99,COC=1C=C2C(=NC(=NC2=CC1OC)C)N[C@H](C)C=1C=C(C=CC1)C1=CC(=CC=C1)OC,2018,raw/2018_WO2018172250_raw.xlsx,Sheet1,99
100,COC=1C=C2C(=NC(=NC2=CC1OC)C)N[C@H](C)C=1C=C(C=CC1)C1=CC(=CC=C1)C(F)(F)F,2018,raw/2018_WO2018172250_raw.xlsx,Sheet1,100
101,COC=1C=C2C(=NC(=NC2=CC1OC)C)N[C@H](C)C=1C=C(C=CC1)C=1C(=CC=CC1)S(=O)(=O)N(C)C,2018,raw/2018_WO2018172250_raw.xlsx,Sheet1,101
102,COC=1C=C2C(=NC(=NC2=CC1OC)C)N[C@H](C)C=1C=C(C=CC1)C1=C(C=CC=C1)OCCC,2018,raw/2018_WO2018172250_raw.xlsx,Sheet1,102
103,COC=1C=C2C(=NC(=NC2=CC1OC)C)N[C@H](C)C=1C=C(C=CC1)C=1C(=CC=CC1)C(=O)N(C)C,2018,raw/2018_WO2018172250_raw.xlsx,Sheet1,103
104,COC=1C=C2C(=NC(=NC2=CC1OC)C)N[C@H](C)C=1C=C(C=CC1)C1=C(C=CC=C1)COC,2018,raw/2018_WO2018172250_raw.xlsx,Sheet1,104
105,COC=1C=C2C(=NC(=NC2=CC1OC)C)N[C@H](C)C1=CC(=CC=C1)C=1C=C2C=CN(C2=CC1)C,2018,raw/2018_WO2018172250_raw.xlsx,Sheet1,105
106,COC=1C=C2C(=NC(=NC2=CC1OC)C)N[C@H](C)C=1C=C(C=CC1)C1=CC(=CC=C1)C(=O)N(C)C,2018,raw/2018_WO2018172250_raw.xlsx,Sheet1,106
107,COC=1C=C2C(=NC(=NC2=CC1OC)C)N[C@H](C)C=1C=C(C=CC1)C1=CC=C(S1)CO,2018,raw/2018_WO2018172250_raw.xlsx,Sheet1,107
108,COC=1C=C2C(=NC(=NC2=CC1OC)C)N[C@H](C)C1=CC(=CC=C1)C1=C(C=NC=C1)C,2018,raw/2018_WO2018172250_raw.xlsx,Sheet1,108
109,N1C=CC2=CC=C(C=C12)C=1C=C(C=CC1)[C@@H](C)NC1=NC(=NC2=CC(=C(C=C12)OC)OC)C,2018,raw/2018_WO2018172250_raw.xlsx,Sheet1,109
110,N1C=CC2=C(C=CC=C12)C=1C=C(C=CC1)[C@@H](C)NC1=NC(=NC2=CC(=C(C=C12)OC)OC)C,2018,raw/2018_WO2018172250_raw.xlsx,Sheet1,110
111,COC=1C=C2C(=NC(=NC2=CC1OC)C)N[C@H](C)C1=CC(=CC=C1)C=1C=NC(=NC1)OC,2018,raw/2018_WO2018172250_raw.xlsx,Sheet1,111
112,COC=1C=C2C(=NC(=NC2=CC1OC)C)N[C@H](C)C=1C=C(C=CC1)C1=CC(=CC=C1)S(=O)(=O)C,2018,raw/2018_WO2018172250_raw.xlsx,Sheet1,112
113,O1CCC2=C1C=CC(=C2)C=2C=C(C=CC2)[C@@H](C)NC2=NC(=NC1=CC(=C(C=C21)OC)OC)C,2018,raw/2018_WO2018172250_raw.xlsx,Sheet1,113
114,COC=1C=C2C(=NC(=NC2=CC1OC)C)N[C@H](C)C1=CC(=CC=C1)\C=C\C1=CC=CC=C1,2018,raw/2018_WO2018172250_raw.xlsx,Sheet1,114
115,COC=1C=C2C(=NC(=NC2=CC1OC)C)N[C@H](C)C=1C=C(C=CC1)C1=CC=C(C=C1)C(=O)N(C)C,2018,raw/2018_WO2018172250_raw.xlsx,Sheet1,115
116,COC=1C=C2C(=NC(=NC2=CC1OC)C)N[C@H](C)C1=CC(=CC=C1)\C=C\C,2018,raw/2018_WO2018172250_raw.xlsx,Sheet1,116
117,C1(=CCCC1)C=1C=C(C=CC1)[C@@H](C)NC1=NC(=NC2=CC(=C(C=C12)OC)OC)C,2018,raw/2018_WO2018172250_raw.xlsx,Sheet1,117
118,COC=1C=C2C(=NC(=NC2=CC1OC)C)N[C@H](C)C=1C=C(C=CC1)C1=CC(=CC=C1)NS(=O)(=O)C,2018,raw/2018_WO2018172250_raw.xlsx,Sheet1,118
119,COC=1C=C2C(=NC(=NC2=CC1OC)C)N[C@H](C)C=1C=C(C=CC1)C1=C(C=CC=C1)NC(C)=O,2018,raw/2018_WO2018172250_raw.xlsx,Sheet1,119
120,COC=1C=C2C(=NC(=NC2=CC1OC)C)N[C@H](C)C=1C=C(C=CC1)C1=C(C=CC=C1)S(=O)(=O)C,2018,raw/2018_WO2018172250_raw.xlsx,Sheet1,120
121,COC=1C=C2C(=NC(=NC2=CC1OC)C)N[C@H](C)C=1C=C(C=CC1)C1=C(C=CC=C1)NS(=O)(=O)C,2018,raw/2018_WO2018172250_raw.xlsx,Sheet1,121
122,ClC=1C=C(C=C(C1)Cl)C1=CC=C(S1)C(C)NC1=NC(=NC2=CC(=C(C=C12)OC)OC)C,2018,raw/2018_WO2018172250_raw.xlsx,Sheet1,122
123,C(C1=CC=CC=C1)OC=1C=C(C=CC1)C1=CC(=CC=C1)[C@@H](C)NC1=NC(=NC2=CC(=C(C=C12)OC)OC)C,2018,raw/2018_WO2018172250_raw.xlsx,Sheet1,123
124,ClC=1C=C(C=C(C1)Cl)C1=CC(=CC=C1)[C@@H](C)NC1=NC(=NC2=CC(=C(C=C12)OC)OC)C,2018,raw/2018_WO2018172250_raw.xlsx,Sheet1,124
125,O1CCOC2=C1C=CC(=C2)C=2C=C(C=CC2)[C@@H](C)NC2=NC(=NC1=CC(=C(C=C21)OC)OC)C,2018,raw/2018_WO2018172250_raw.xlsx,Sheet1,125
126,COC=1C=C2C(=NC(=NC2=CC1OC)C)NC(C)C=1SC(=CC1)C1=CC(=CC=C1)C=1OC(=NN1)C,2018,raw/2018_WO2018172250_raw.xlsx,Sheet1,126
127,COC=1C=C2C(=NC(=NC2=CC1OC)C)NC(C)C=1SC(=CC1)C=1C=NC=C(C1)S(=O)(=O)C,2018,raw/2018_WO2018172250_raw.xlsx,Sheet1,127
128,COC=1C=C2C(=NC(=NC2=CC1OC)C)NC(C)C=1SC(=CC1)C1=CC=C(C=C1)C=1OC(=NN1)C,2018,raw/2018_WO2018172250_raw.xlsx,Sheet1,128
129,COC=1C=C2C(=NC(=NC2=CC1OC)C)NC(C)C=1SC(=CC1)C=1C=C2C(=NC1)NC=C2,2018,raw/2018_WO2018172250_raw.xlsx,Sheet1,129
130,COC=1C=C2C(=NC(=NC2=CC1OC)C)NC(C)C1=CC=C(S1)C=1C=C(C=CC1)S(=O)(=O)N,2018,raw/2018_WO2018172250_raw.xlsx,Sheet1,130
131,NC1=NC=C(C=N1)C1=CC=C(S1)C(C)NC1=NC(=NC2=CC(=C(C=C12)OC)OC)C,2018,raw/2018_WO2018172250_raw.xlsx,Sheet1,131
132,C1(CC1)/C=C/C1=CC=C(S1)C(C)NC1=NC(=NC2=CC(=C(C=C12)OC)OC)C,2018,raw/2018_WO2018172250_raw.xlsx,Sheet1,132
133,C(C)OCC1=C(C=CC=C1)C1=CC=C(S1)C(C)NC1=NC(=NC2=CC(=C(C=C12)OC)OC)C,2018,raw/2018_WO2018172250_raw.xlsx,Sheet1,133
134,FC=1C=C(C=C(C1)OC)C1=CC=C(S1)C(C)NC1=NC(=NC2=CC(=C(C=C12)OC)OC)C,2018,raw/2018_WO2018172250_raw.xlsx,Sheet1,134
135,C(C1=CC=CC=C1)OC=1C=C(C=CC1)C1=CC=C(S1)C(C)NC1=NC(=NC2=CC(=C(C=C12)OC)OC)C,2018,raw/2018_WO2018172250_raw.xlsx,Sheet1,135
136,C(CCC)OC1=C(C(=CC=C1)F)C1=CC=C(S1)C(C)NC1=NC(=NC2=CC(=C(C=C12)OC)OC)C,2018,raw/2018_WO2018172250_raw.xlsx,Sheet1,136
137,COC=1C=C2C(=NC(=NC2=CC1OC)C)NC(C)C1=CC=C(S1)C1=CC=C(C=C1)C(C#N)(C)C,2018,raw/2018_WO2018172250_raw.xlsx,Sheet1,137
138,COC=1C=C2C(=NC(=NC2=CC1OC)C)NC(C)C1=CC=C(S1)C1=CC=C(CNC(C)=O)C=C1,2018,raw/2018_WO2018172250_raw.xlsx,Sheet1,138
139,COC=1C=C2C(=NC(=NC2=CC1OC)C)NC(C)C1=CC=C(S1)C=1C=C(CNS(=O)(=O)C)C=CC1,2018,raw/2018_WO2018172250_raw.xlsx,Sheet1,139
140,COC=1C=C2C(=NC(=NC2=CC1OC)C)NC(C)C1=CC=C(S1)C1=CC=C(CNS(=O)(=O)C)C=C1,2018,raw/2018_WO2018172250_raw.xlsx,Sheet1,140
141,COC=1C=C2C(=NC(=NC2=CC1OC)C)NC(C)C1=CC=C(S1)C1=CC=C(C(=O)NCCC)C=C1,2018,raw/2018_WO2018172250_raw.xlsx,Sheet1,141
142,COC=1C=C2C(=NC(=NC2=CC1OC)C)NC(C)C1=CC=C(S1)C1=CC=C(C(=O)NCCN(C)C)C=C1,2018,raw/2018_WO2018172250_raw.xlsx,Sheet1,142
143,C/C(=C\C)/C1=CC=C(S1)C(C)NC1=NC(=NC2=CC(=C(C=C12)OC)OC)C,2018,raw/2018_WO2018172250_raw.xlsx,Sheet1,143
144,ClC=1C=CC(=C(C1)C1=CC=C(S1)C(C)NC1=NC(=NC2=CC(=C(C=C12)OC)OC)C)OCCC,2018,raw/2018_WO2018172250_raw.xlsx,Sheet1,144
145,COC=1C=C2C(=NC(=NC2=CC1OC)C)NC(C)C=1SC(=CC1)\C=C\CC1=CC=CC=C1,2018,raw/2018_WO2018172250_raw.xlsx,Sheet1,145
146,NC=1C=CC(=C(C1)C1=CC=C(S1)C(C)NC1=NC(=NC2=CC(=C(C=C12)OC)OC)C)C,2018,raw/2018_WO2018172250_raw.xlsx,Sheet1,146
147,CC1=NOC(=C1C1=CC=C(S1)C(C)NC1=NC(=NC2=CC(=C(C=C12)OC)OC)C)C,2018,raw/2018_WO2018172250_raw.xlsx,Sheet1,147
148,COC=1C=C2C(=NC(=NC2=CC1OC)C)NC(C)C=1SC(=CC1)C1=C(C=CC=C1)S(=O)(=O)C,2018,raw/2018_WO2018172250_raw.xlsx,Sheet1,148
149,COC=1C=C2C(=NC(=NC2=CC1OC)C)NC(C)C=1SC(=CC1)C1=CC=C(C=C1)S(=O)(=O)C,2018,raw/2018_WO2018172250_raw.xlsx,Sheet1,149
150,COC=1C=C2C(=NC(=NC2=CC1OC)C)NC(C)C=1SC(=CC1)C1=C(C=CC=C1)OC(F)(F)F,2018,raw/2018_WO2018172250_raw.xlsx,Sheet1,150
151,COC=1C=C2C(=NC(=NC2=CC1OC)C)NC(C)C=1SC(=CC1)C1=CC(=CC=C1)OC(F)(F)F,2018,raw/2018_WO2018172250_raw.xlsx,Sheet1,151
152,N1C=CC2=CC(=CC=C12)C1=CC=C(S1)C(C)NC1=NC(=NC2=CC(=C(C=C12)OC)OC)C,2018,raw/2018_WO2018172250_raw.xlsx,Sheet1,152
153,O1C=C(C=C1)C1=CC=C(S1)C(C)NC1=NC(=NC2=CC(=C(C=C12)OC)OC)C,2018,raw/2018_WO2018172250_raw.xlsx,Sheet1,153
154,S1C=C(C2=C1C=CC=C2)C2=CC=C(S2)C(C)NC2=NC(=NC1=CC(=C(C=C21)OC)OC)C,2018,raw/2018_WO2018172250_raw.xlsx,Sheet1,154
155,COC=1C=C2C(=NC(=NC2=CC1OC)C)NC(C)C=1SC(=CC1)C=1N(C2=CC=CC=C2C1)C,2018,raw/2018_WO2018172250_raw.xlsx,Sheet1,155
156,COC=1C=C2C(=NC(=NC2=CC1OC)C)NC(C)C=1SC(=CC1)\C=C\CCC,2018,raw/2018_WO2018172250_raw.xlsx,Sheet1,156
157,C1(CCCCC1)/C=C/C1=CC=C(S1)C(C)NC1=NC(=NC2=CC(=C(C=C12)OC)OC)C,2018,raw/2018_WO2018172250_raw.xlsx,Sheet1,157
158,COC=1C=C2C(=NC(=NC2=CC1OC)C)NC(C)C=1SC(=CC1)C1=C(C=CC=C1)OC1=CC=CC=C1,2018,raw/2018_WO2018172250_raw.xlsx,Sheet1,158
159,C(C)(C)(C)OC(NC1=CC=C(C=C1)C=1SC(=CC1)C(C)NC1=NC(=NC2=CC(=C(C=C12)OC)OC)C)=O,2018,raw/2018_WO2018172250_raw.xlsx,Sheet1,159
160,COC=1C=C2C(=NC(=NC2=CC1OC)C)NC(C)C1=CC=C(S1)C=1C=C(C=CC1)/C=C/C#N,2018,raw/2018_WO2018172250_raw.xlsx,Sheet1,160
161,CC1=C(C=CC(=C1)C)C1=CC=C(S1)C(C)NC1=NC(=NC2=CC(=C(C=C12)OC)OC)C,2018,raw/2018_WO2018172250_raw.xlsx,Sheet1,161
162,COC=1C=C2C(=NC(=NC2=CC1OC)C)NC(C)C1=CC=C(S1)C=1SC(=CC1)C(C)=O,2018,raw/2018_WO2018172250_raw.xlsx,Sheet1,162
163,O1COC2=C1C=CC(=C2)C2=CC=C(S2)C(C)NC2=NC(=NC1=CC(=C(C=C21)OC)OC)C,2018,raw/2018_WO2018172250_raw.xlsx,Sheet1,163
164,COC=1C=C2C(=NC(=NC2=CC1OC)C)NC(C)C=1SC(=CC1)C1=CC2=C(N(CCO2)C)C=C1,2018,raw/2018_WO2018172250_raw.xlsx,Sheet1,164
165,COC=1C=C2C(=NC(=NC2=CC1OC)C)NC(C)C1=CC=C(S1)C=1C=C(C=CC1)NS(=O)(=O)C,2018,raw/2018_WO2018172250_raw.xlsx,Sheet1,165
166,COC=1C=C2C(=NC(=NC2=CC1OC)C)NC(C)C1=CC=C(S1)C1=C(C=CC=C1)NC(C)=O,2018,raw/2018_WO2018172250_raw.xlsx,Sheet1,166
167,COC=1C=C2C(=NC(=NC2=CC1OC)C)NC(C)C=1SC(=CC1)C1=CC(=CC=C1)OC,2018,raw/2018_WO2018172250_raw.xlsx,Sheet1,167
168,COC=1C=C2C(=NC(=NC2=CC1OC)C)NC(C)C=1SC(=CC1)C1=CC(=CC=C1)C(F)(F)F,2018,raw/2018_WO2018172250_raw.xlsx,Sheet1,168
169,COC=1C=C2C(=NC(=NC2=CC1OC)C)NC(C)C1=CC=C(S1)C1=C(C=CC=C1)S(=O)(=O)N(C)C,2018,raw/2018_WO2018172250_raw.xlsx,Sheet1,169
170,C1(CC1)COC=1C=C(C=CC1)C1=CC=C(S1)C(C)NC1=NC(=NC2=CC(=C(C=C12)OC)OC)C,2018,raw/2018_WO2018172250_raw.xlsx,Sheet1,170
171,N1C=CC2=C(C=CC=C12)C1=CC=C(S1)C(C)NC1=NC(=NC2=CC(=C(C=C12)OC)OC)C,2018,raw/2018_WO2018172250_raw.xlsx,Sheet1,171
172,COC=1C=C2C(=NC(=NC2=CC1OC)C)NC(C)C=1SC(=CC1)C=1C=NC(=NC1)OC,2018,raw/2018_WO2018172250_raw.xlsx,Sheet1,172
173,COC=1C=C2C(=NC(=NC2=CC1OC)C)NC(C)C=1SC(=CC1)C1=CC(=CC=C1)S(=O)(=O)C,2018,raw/2018_WO2018172250_raw.xlsx,Sheet1,173
174,O1CCC2=C1C=CC(=C2)C2=CC=C(S2)C(C)NC2=NC(=NC1=CC(=C(C=C21)OC)OC)C,2018,raw/2018_WO2018172250_raw.xlsx,Sheet1,174
175,COC=1C=C2C(=NC(=NC2=CC1OC)C)NC(C)C=1SC(=CC1)\C=C\C1=CC=CC=C1,2018,raw/2018_WO2018172250_raw.xlsx,Sheet1,175
176,COC=1C=C2C(=NC(=NC2=CC1OC)C)NC(C)C1=CC=C(S1)C1=CC=C(C(=O)N(C)C)C=C1,2018,raw/2018_WO2018172250_raw.xlsx,Sheet1,176
177,COC=1C=C2C(=NC(=NC2=CC1OC)C)NC(C)C=1SC(=CC1)\C=C\C,2018,raw/2018_WO2018172250_raw.xlsx,Sheet1,177
178,COC(C1=C(C=CC=C1)C=1SC(=CC1)C(C)NC1=NC(=NC2=CC(=C(C=C12)OC)OC)C)=O,2018,raw/2018_WO2018172250_raw.xlsx,Sheet1,178
179,COC=1C=C2C(=NC(=NC2=CC1OC)C)NC(C)C1=CC=C(S1)C1=C(CN2CCC(CC2)C(=O)N)C=CC=C1,2018,raw/2018_WO2018172250_raw.xlsx,Sheet1,179
180,COC=1C=C2C(=NC(=NC2=CC1OC)C)NC(C)C1=CC=C(S1)C1=C(C=CC=C1)CCO,2018,raw/2018_WO2018172250_raw.xlsx,Sheet1,180
181,COC=1C=C2C(=NC(=NC2=CC1OC)C)NC(C)C1=CC=C(S1)C=1C=C(C=CC1)CCO,2018,raw/2018_WO2018172250_raw.xlsx,Sheet1,181
182,COC=1C=C2C(=NC(=NC2=CC1OC)C)NC(C)C=1SC(=CC1)C1=C(C=CC=C1)CN1CC2(COC2)C1,2018,raw/2018_WO2018172250_raw.xlsx,Sheet1,182
183,BrC1=C(C=C(S1)C(C)NC1=NC(=NC2=CC(=C(C=C12)OC)OC)C)C,2018,raw/2018_WO2018172250_raw.xlsx,Sheet1,183
184,COC=1C=C2C(=NC(=NC2=CC1OC)C)NC(C)C=1SC(=CC1)C1=C(C=CC=C1)CN1CCCC1,2018,raw/2018_WO2018172250_raw.xlsx,Sheet1,184
185,CN(C)CC1N(CCC1)CC1=C(C=CC=C1)C1=CC=C(S1)C(C)NC1=NC(=NC2=CC(=C(C=C12)OC)OC)C,2018,raw/2018_WO2018172250_raw.xlsx,Sheet1,185
186,CC1=NC2=CC=CC=C2C(=N1)N[C@H](C)C1=CC=CC2=CC=CC=C12,2018,raw/2018_WO2018172250_raw.xlsx,Sheet1,186
187,BrC1=CC=C(C=C1)[C@@H](C)NC1=NC(=NC2=CC(=C(C=C12)OC)OC)C,2018,raw/2018_WO2018172250_raw.xlsx,Sheet1,187
188,COC=1C=C2C(=NC(=NC2=CC1OC)C)N[C@H](C)C1=CC=C(C=C1)S(=O)(=O)C,2018,raw/2018_WO2018172250_raw.xlsx,Sheet1,188
189,COC=1C=C2C(=NC(=NC2=CC1OC)C)N[C@H](C)C1=CC=C(C#N)C=C1,2018,raw/2018_WO2018172250_raw.xlsx,Sheet1,189
190,COC=1C=C2C(=NC(=NC2=CC1OC)C)N[C@H](C)C1=CC(=CC=C1)C,2018,raw/2018_WO2018172250_raw.xlsx,Sheet1,190
191,BrC=1C=C(C=CC1)[C@@H](C)NC1=NC(=NC2=CC(=C(C=C12)OC)OC)C,2018,raw/2018_WO2018172250_raw.xlsx,Sheet1,191
192,COC=1C=C2C(=NC(=NC2=CC1OC)C)N[C@H](C)C1=CC=C(C(=O)N)C=C1,2018,raw/2018_WO2018172250_raw.xlsx,Sheet1,192
193,C1(=CC(=CC=C1)[C@@H](C)NC1=NC(=NC2=CC(=C(C=C12)OC)OC)C)C1=CC=CC=C1,2018,raw/2018_WO2018172250_raw.xlsx,Sheet1,193
194,COC=1C=C2C(=NC(=NC2=CC1OC)C)N[C@H](C)C=1C=C(C#N)C=CC1,2018,raw/2018_WO2018172250_raw.xlsx,Sheet1,194
195,COC=1C=C2C(=NC(=NC2=CC1OC)C)N[C@H](C)C1=CC=C(C=C1)C,2018,raw/2018_WO2018172250_raw.xlsx,Sheet1,195
196,C1(=CC=C(C=C1)[C@@H](C)NC1=NC(=NC2=CC(=C(C=C12)OC)OC)C)C1=CC=CC=C1,2018,raw/2018_WO2018172250_raw.xlsx,Sheet1,196
197,C1(CC1)C1=CC=C(C=C1)[C@@H](C)NC1=NC(=NC2=CC(=C(C=C12)OC)OC)C,2018,raw/2018_WO2018172250_raw.xlsx,Sheet1,197
198,COC=1C=C2C(=NC(=NC2=CC1OC)C)N[C@H](C)C1=CC(=CC=C1)S(=O)(=O)C,2018,raw/2018_WO2018172250_raw.xlsx,Sheet1,198
199,COC=1C=C2C(=NC(=NC2=CC1OC)C)N[C@H](C)C=1C=C(C(=O)N)C=CC1,2018,raw/2018_WO2018172250_raw.xlsx,Sheet1,199
200,COC=1C=C2C(=NC(=NC2=CC1OC)C)N[C@H](C)C1=CC(=CC=C1)C=1C=NNC1,2018,raw/2018_WO2018172250_raw.xlsx,Sheet1,200
201,COC=1C=C2C(=NC(=NC2=CC1OC)C)N[C@H](C)C1=CC=C(C=C1)C=1CCN(CC1)C,2018,raw/2018_WO2018172250_raw.xlsx,Sheet1,201
202,COC=1C=C2C(=NC(=NC2=CC1OC)C)N[C@H](C)C1=CC(=CC=C1)C=1CCN(CC1)C,2018,raw/2018_WO2018172250_raw.xlsx,Sheet1,202
203,COC=1C=C2C(=NC(=NC2=CC1OC)C)N[C@H](C)C1=CC=C(C=C1)C(=C)C,2018,raw/2018_WO2018172250_raw.xlsx,Sheet1,203
204,C1(CC1)C=1C=C(C=CC1)[C@@H](C)NC1=NC(=NC2=CC(=C(C=C12)OC)OC)C,2018,raw/2018_WO2018172250_raw.xlsx,Sheet1,204
205,S1C=CC2=C1C=CC=C2C(C)NC2=NC(=NC1=CC(=C(C=C21)OC)OC)C,2018,raw/2018_WO2018172250_raw.xlsx,Sheet1,205
206,COC=1C=C2C(=NC(=NC2=CC1OC)C)N[C@H](C)C1=CC=CC=C1,2018,raw/2018_WO2018172250_raw.xlsx,Sheet1,206
207,COC=1C=C2C(=NC(=NC2=CC1OC)C)NC(C)C=1SC=CC1,2018,raw/2018_WO2018172250_raw.xlsx,Sheet1,207
208,BrC1=CC=C(O1)C(C)NC1=NC(=NC2=CC(=C(C=C12)OC)OC)C,2018,raw/2018_WO2018172250_raw.xlsx,Sheet1,208
209,BrC1=CC=C(S1)C(C)NC1=NC(=NC2=CC(=C(C=C12)OC)OC)C,2018,raw/2018_WO2018172250_raw.xlsx,Sheet1,209
210,COC=1C=C2C(=NC(=NC2=CC1OC)C)NC(C)C1=CC=C(S1)C1=C(CN2CC(CC2)O)C=CC=C1,2018,raw/2018_WO2018172250_raw.xlsx,Sheet1,210
211,F[C@@H]1CN(CC1)CC1=C(C=CC=C1)C1=CC=C(S1)C(C)NC1=NC(=NC2=CC(=C(C=C12)OC)OC)C,2018,raw/2018_WO2018172250_raw.xlsx,Sheet1,211
212,COC=1C=C2C(=NC(=NC2=CC1OC)C)NC(C)C1=C2C=CC=NC2=CC=C1,2018,raw/2018_WO2018172250_raw.xlsx,Sheet1,212
213,COC=1C=C2C(=NC(=NC2=CC1OC)C)NC(C)C=1OC(=CC1)C1=CC=CC=C1,2018,raw/2018_WO2018172250_raw.xlsx,Sheet1,213
214,BrC=1C=C(C2=C(CCO2)C1)C(C)NC1=NC(=NC2=CC(=C(C=C12)OC)OC)C,2018,raw/2018_WO2018172250_raw.xlsx,Sheet1,214
215,COC=1C=C2C(=NC(=NC2=CC1OC)C)NC(C)C1=CC(=CC=C1)OC1=CC=CC=C1,2018,raw/2018_WO2018172250_raw.xlsx,Sheet1,215
216,COC=1C=C2C(=NC(=NC2=CC1OC)C)NC(C)C1=CC(=CC=C1)C=1N=NNN1,2018,raw/2018_WO2018172250_raw.xlsx,Sheet1,216
217,COC=1C=C2C(=NC(=NC2=CC1OC)C)NC(C)C=1C=CC=C2C=CC=NC12,2018,raw/2018_WO2018172250_raw.xlsx,Sheet1,217
218,COC=1C=C2C(=NC(=NC2=CC1OC)C)NC(C)C1=CC=C(S1)C=1C=NN(C1)CCO,2018,raw/2018_WO2018172250_raw.xlsx,Sheet1,218
219,N1=C2N(C(=C1)C1=CC=C(S1)C(C)NC1=NC(=NC3=CC(=C(C=C13)OC)OC)C)CCC2,2018,raw/2018_WO2018172250_raw.xlsx,Sheet1,219
220,COC=1C=C2C(=NC(=NC2=CC1OC)C)NC(C)C=1SC(=CC1)C=1C=NN(C1)CCN1CCCC1,2018,raw/2018_WO2018172250_raw.xlsx,Sheet1,220
221,C1(CCCC1)N1N=CC(=C1)C1=CC=C(S1)C(C)NC1=NC(=NC2=CC(=C(C=C12)OC)OC)C,2018,raw/2018_WO2018172250_raw.xlsx,Sheet1,221
222,COC=1C=C2C(=NC(=NC2=CC1OC)C)NC(C)C=1SC(=CC1)C1=NNC=C1,2018,raw/2018_WO2018172250_raw.xlsx,Sheet1,222
223,FC1(CN(CC1)CC1=C(C=CC=C1)C1=CC=C(S1)C(C)NC1=NC(=NC2=CC(=C(C=C12)OC)OC)C)F,2018,raw/2018_WO2018172250_raw.xlsx,Sheet1,223
224,COC=1C=C2C(=NC(=NC2=CC1OC)C)NC(C)C=1OC(=CC1)C1=CC=CC=C1,2018,raw/2018_WO2018172250_raw.xlsx,Sheet1,224
225,BrC=1C=C(C2=C(CCO2)C1)C(C)NC1=NC(=NC2=CC(=C(C=C12)OC)OC)C,2018,raw/2018_WO2018172250_raw.xlsx,Sheet1,225
226,COC=1C=C2C(=NC(=NC2=CC1OC)C)NC(C)C1=CC=C(O1)N1N=C(C=C1)CCO,2018,raw/2018_WO2018172250_raw.xlsx,Sheet1,226
227,COC=1C=C2C(=NC(=NC2=CC1OC)C)NC(C)C=1C=CC(NC1)=O,2018,raw/2018_WO2018172250_raw.xlsx,Sheet1,227
228,COC=1C=C2C(=NC(=NC2=CC1OC)C)NC(C)C1=CC(=CC=C1)OC1=CC=CC=C1,2018,raw/2018_WO2018172250_raw.xlsx,Sheet1,228
229,N=1SN=C2C1C=CC(=C2)C(C)NC2=NC(=NC1=CC(=C(C=C21)OC)OC)C,2018,raw/2018_WO2018172250_raw.xlsx,Sheet1,229
230,COC=1C=C2C(=NC(=NC2=CC1OC)C)N[C@H](C)C=1C=CC=C2C=CC=NC12,2018,raw/2018_WO2018172250_raw.xlsx,Sheet1,230
231,C1(=CCCC1)C1=CC=C(S1)C(C)NC1=NC(=NC2=CC(=C(C=C12)OC)OC)C,2018,raw/2018_WO2018172250_raw.xlsx,Sheet1,231
232,C(C)OC1=C(C=CC=C1)C1=CC=C(S1)C(C)NC1=NC(=NC2=CC(=C(C=C12)OC)OC)C,2018,raw/2018_WO2018172250_raw.xlsx,Sheet1,232
233,FC1=CC=C(C2=CC=CC=C12)C1=CC=C(S1)C(C)NC1=NC(=NC2=CC(=C(C=C12)OC)OC)C,2018,raw/2018_WO2018172250_raw.xlsx,Sheet1,233
234,NCC1=C(C=CC(=C1)F)C1=CC=C(S1)C(C)NC1=NC(=NC2=CC(=C(C=C12)OC)OC)C,2018,raw/2018_WO2018172250_raw.xlsx,Sheet1,234
235,O1CCC(=CC1)C1=CC=C(S1)C(C)NC1=NC(=NC2=CC(=C(C=C12)OC)OC)C,2018,raw/2018_WO2018172250_raw.xlsx,Sheet1,235
236,C(C)(C)(C)OC(NCC=1OC(=CC1)C=1SC(=CC1)C(C)NC1=NC(=NC2=CC(=C(C=C12)OC)OC)C)=O,2018,raw/2018_WO2018172250_raw.xlsx,Sheet1,236
237,COC(=O)C1=CC(=NN1C)C=1SC(=CC1)C(C)NC1=NC(=NC2=CC(=C(C=C12)OC)OC)C,2018,raw/2018_WO2018172250_raw.xlsx,Sheet1,237
238,CN(C1CN(CC1)CC1=C(C=CC=C1)C1=CC=C(S1)C(C)NC1=NC(=NC2=CC(=C(C=C12)OC)OC)C)C,2018,raw/2018_WO2018172250_raw.xlsx,Sheet1,238
239,BrC1=CC(=CS1)C(C)NC1=NC(=NC2=CC(=C(C=C12)OC)OC)C,2018,raw/2018_WO2018172250_raw.xlsx,Sheet1,239
240,COC=1C=C2C(=NC(=NC2=CC1OC)C)NC(C)C1=CC=C(S1)C1=C(C(=O)N)C=CC=C1,2018,raw/2018_WO2018172250_raw.xlsx,Sheet1,240
241,COC=1C=C2C(=NC(=NC2=CC1OC)C)NC(C)C1=CC=C(S1)C=1C=C(C(=O)N)C=CC1,2018,raw/2018_WO2018172250_raw.xlsx,Sheet1,241
242,COC=1C=C2C(=NC(=NC2=CC1OC)C)NC(C)C1=CC=C(S1)C1=CC=C(C(=O)N)C=C1,2018,raw/2018_WO2018172250_raw.xlsx,Sheet1,242
243,NC1=C(C=CC=C1)C1=CC=C(S1)C(C)NC1=NC(=NC2=CC(=C(C=C12)OC)OC)C,2018,raw/2018_WO2018172250_raw.xlsx,Sheet1,243
244,COC=1C=C2C(=NC(=NC2=CC1OC)C)NC(C)C1=CC=C(S1)C1=C(C=CC=C1)CO,2018,raw/2018_WO2018172250_raw.xlsx,Sheet1,244
245,COC=1C=C2C(=NC(=NC2=CC1OC)C)NC(C)C1=CC=C(S1)C1=C(C#N)C=CC=C1,2018,raw/2018_WO2018172250_raw.xlsx,Sheet1,245
246,N1N=CC2=CC=CC(=C12)C1=CC=C(S1)C(C)NC1=NC(=NC2=CC(=C(C=C12)OC)OC)C,2018,raw/2018_WO2018172250_raw.xlsx,Sheet1,246
247,N1N=CC2=C(C=CC=C12)C1=CC=C(S1)C(C)NC1=NC(=NC2=CC(=C(C=C12)OC)OC)C,2018,raw/2018_WO2018172250_raw.xlsx,Sheet1,247
248,C(=C)C1=C(C=CC=C1)C1=CC=C(S1)C(C)NC1=NC(=NC2=CC(=C(C=C12)OC)OC)C,2018,raw/2018_WO2018172250_raw.xlsx,Sheet1,248
249,COC=1C=C2C(=NC(=NC2=CC1OC)C)NC(C)C1=CC=C(S1)C=1C=NN(C1)CC(=O)N,2018,raw/2018_WO2018172250_raw.xlsx,Sheet1,249
250,COC=1C=C2C(=NC(=NC2=CC1OC)C)NC(C)C=1SC(=CC1)C1=C(C=CC=C1)CNC,2018,raw/2018_WO2018172250_raw.xlsx,Sheet1,250
251,COC=1C=C2C(=NC(=NC2=CC1OC)C)NC(C)C=1C=C(SC1)C=1C=NN(C1)CCO,2018,raw/2018_WO2018172250_raw.xlsx,Sheet1,251
252,NCC1=C(C=CC=C1)C1=CC=C(S1)C(C)NC1=NC(=NC2=CC(=C(C=C12)OC)OC)C,2018,raw/2018_WO2018172250_raw.xlsx,Sheet1,252
253,N1=C2N(C(=C1)C1=CC(=CS1)C(C)NC1=NC(=NC3=CC(=C(C=C13)OC)OC)C)CCC2,2018,raw/2018_WO2018172250_raw.xlsx,Sheet1,253
254,COC=1C=C2C(=NC(=NC2=CC1OC)C)NC(C)C1=CSC(=C1)C=1C=NN(C1)CCN1CCCC1,2018,raw/2018_WO2018172250_raw.xlsx,Sheet1,254
255,NCC1=C(C=CC(=C1)F)C1=CC(=CS1)C(C)NC1=NC(=NC2=CC(=C(C=C12)OC)OC)C,2018,raw/2018_WO2018172250_raw.xlsx,Sheet1,255
256,COC=1C=C2C(=NC(=NC2=CC1OC)C)N[C@H](C)C=1C=C(C=CC1)C=1C=NN(C1)CCO,2018,raw/2018_WO2018172250_raw.xlsx,Sheet1,256
257,COC=1C=C2C(=NC(=NC2=CC1OC)C)N[C@H](C)C1=CC(=CC=C1)C=1C=NN(C1)CCN1CCCC1,2018,raw/2018_WO2018172250_raw.xlsx,Sheet1,257
258,NCC1=C(C=CC=C1)C1=CC(=CC=C1)[C@@H](C)NC1=NC(=NC2=CC(=C(C=C12)OC)OC)C,2018,raw/2018_WO2018172250_raw.xlsx,Sheet1,258
259,NCC1=C(C=CC=C1)C1=CC(=CS1)C(C)NC1=NC(=NC2=CC(=C(C=C12)OC)OC)C,2018,raw/2018_WO2018172250_raw.xlsx,Sheet1,259
260,NCC=1C=C(C=CC1)[C@@H](C)NC1=NC(=NC2=CC(=C(C=C12)OC)OC)C,2018,raw/2018_WO2018172250_raw.xlsx,Sheet1,260
261,N1=C2N(C(=C1)C=1C=C(C=CC1)[C@@H](C)NC1=NC(=NC3=CC(=C(C=C13)OC)OC)C)CCC2,2018,raw/2018_WO2018172250_raw.xlsx,Sheet1,261
262,CN(C)CC1=C(C=CC=C1)C1=CC=C(S1)C(C)NC1=NC(=NC2=CC(=C(C=C12)OC)OC)C,2018,raw/2018_WO2018172250_raw.xlsx,Sheet1,262
263,COC=1C=C2C(=NC(=NC2=CC1OC)C)NC(C)C1=CSC(=C1)C1=C(C=CC=C1)CNC,2018,raw/2018_WO2018172250_raw.xlsx,Sheet1,263
264,BrC=1C=C(SC1)C(C)NC1=NC(=NC2=CC(=C(C=C12)OC)OC)C,2018,raw/2018_WO2018172250_raw.xlsx,Sheet1,264
265,NCC=1C=C(C=CC1)C1=CC=C(S1)C(C)NC1=NC(=NC2=CC(=C(C=C12)OC)OC)C,2018,raw/2018_WO2018172250_raw.xlsx,Sheet1,265
266,NCC1=CC=C(C=C1)C1=CC=C(S1)C(C)NC1=NC(=NC2=CC(=C(C=C12)OC)OC)C,2018,raw/2018_WO2018172250_raw.xlsx,Sheet1,266
267,COC=1C=C2C(=NC(=NC2=CC1OC)C)NC(C)C=1SC=C(C1)C1=NN(C=C1)CCN1CCCC1,2018,raw/2018_WO2018172250_raw.xlsx,Sheet1,267
268,COC=1C=C2C(=NC(=NC2=CC1OC)C)N[C@H](C)C=1C=C(C=CC1)C1=C(C=CC=C1)CNC,2018,raw/2018_WO2018172250_raw.xlsx,Sheet1,268
269,NCC1=C(C=CC(=C1)F)C=1C=C(SC1)C(C)NC1=NC(=NC2=CC(=C(C=C12)OC)OC)C,2018,raw/2018_WO2018172250_raw.xlsx,Sheet1,269
270,NCC1=C(C=CC=C1)C=1C=C(SC1)C(C)NC1=NC(=NC2=CC(=C(C=C12)OC)OC)C,2018,raw/2018_WO2018172250_raw.xlsx,Sheet1,270
271,COC=1C=C2C(=NC(=NC2=CC1OC)C)NC(C)C=1SC=C(C1)C1=C(C=CC=C1)CNC,2018,raw/2018_WO2018172250_raw.xlsx,Sheet1,271
272,N1=C2N(C(=C1)C=1C=C(SC1)C(C)NC1=NC(=NC3=CC(=C(C=C13)OC)OC)C)CCC2,2018,raw/2018_WO2018172250_raw.xlsx,Sheet1,272
273,COC=1C=C2C(=NC(=NC2=CC1OC)C)NC(C)C1=CC(=CS1)C1=NN(C=C1)CCO,2018,raw/2018_WO2018172250_raw.xlsx,Sheet1,273
274,NCC1=C(C=CC(=C1)F)C1=CC(=CC=C1)[C@@H](C)NC1=NC(=NC2=CC(=C(C=C12)OC)OC)C,2018,raw/2018_WO2018172250_raw.xlsx,Sheet1,274
275,NCC1=CC=C(O1)C1=CC=C(S1)C(C)NC1=NC(=NC2=CC(=C(C=C12)OC)OC)C,2018,raw/2018_WO2018172250_raw.xlsx,Sheet1,275
276,NCC1=CC=C(S1)C=1SC(=CC1)C(C)NC1=NC(=NC2=CC(=C(C=C12)OC)OC)C,2018,raw/2018_WO2018172250_raw.xlsx,Sheet1,276
277,COC=1C=C2C(=NC(=NC2=CC1OC)C)NC(C)C1=CC=C(S1)C1=C(CNCC(=O)C2=CNC3=CC=CC=C23)C=CC=C1,2018,raw/2018_WO2018172250_raw.xlsx,Sheet1,277
278,NC1=C(SC2=C1C(=CC=C2)C=2SC(=CC2)C(C)NC2=NC(=NC1=CC(=C(C=C21)OC)OC)C)C(=O)N,2018,raw/2018_WO2018172250_raw.xlsx,Sheet1,278
279,COC=1C=C2C(=NC(=NC2=CC1OC)C)NC(C)C1=CC=C(S1)C1=C(CC(N)C(=O)N)C=CC=C1,2018,raw/2018_WO2018172250_raw.xlsx,Sheet1,279
280,COC=1C=C2C(=NC(=NC2=CC1OC)C)NC(C)C1=CC=C(S1)C1=C(CC(N)C(=O)N(C)C)C=CC=C1,2018,raw/2018_WO2018172250_raw.xlsx,Sheet1,280
281,COC(CNCC1=C(C=CC=C1)C=1SC(=CC1)C(C)NC1=NC(=NC2=CC(=C(C=C12)OC)OC)C)=O,2018,raw/2018_WO2018172250_raw.xlsx,Sheet1,281
282,COC=1C=C2C(=NC(=NC2=CC1OC)C)NC(C)C1=CC=C(S1)C1=C(CC(N)C(=O)NC)C=CC=C1,2018,raw/2018_WO2018172250_raw.xlsx,Sheet1,282
283,COC=1C=C2C(=NC(=NC2=CC1OC)C)NC(C)C1=CC=C(S1)C1=C(CC(N)C(=O)NCCOC)C=CC=C1,2018,raw/2018_WO2018172250_raw.xlsx,Sheet1,283
284,C(C1=CC=CC=C1)NC(C(N)CC1=C(C=CC=C1)C=1SC(=CC1)C(C)NC1=NC(=NC2=CC(=C(C=C12)OC)OC)C)=O,2018,raw/2018_WO2018172250_raw.xlsx,Sheet1,284
285,COC=1C=C2C(=NC(=NC2=CC1OC)C)NC(C)C1=CC=C(S1)C1=C(CNCC(=O)N2CCOCC2)C=CC=C1,2018,raw/2018_WO2018172250_raw.xlsx,Sheet1,285
286,COC=1C=C2C(=NC(=NC2=CC1OC)C)NC(C)C1=CC=C(S1)C1=C(N(C(=C1)C)C)C#N,2018,raw/2018_WO2018172250_raw.xlsx,Sheet1,286
287,COC=1C=C2C(=NC(=NC2=CC1OC)C)NC(C)C1=CC=C(S1)C1=CSC=C1C#N,2018,raw/2018_WO2018172250_raw.xlsx,Sheet1,287
288,C(C)N(CC)CC1=C(C=CC=C1)C1=CC=C(S1)C(C)NC1=NC(=NC2=CC(=C(C=C12)OC)OC)C,2018,raw/2018_WO2018172250_raw.xlsx,Sheet1,288
289,COC=1C=C2C(=NC(=NC2=CC1OC)C)NC(C)C1=CC=C(S1)C1=C(CC(N)C(=O)NC2=CC=CC=C2)C=CC=C1,2018,raw/2018_WO2018172250_raw.xlsx,Sheet1,289
290,COC=1C=C2C(=NC(=NC2=CC1OC)C)NC(C)C1=CC=C(S1)C1=C(CN2CC(CCC2)C(=O)N)C=CC=C1,2018,raw/2018_WO2018172250_raw.xlsx,Sheet1,290
291,FC(CN(C)CC1=C(C=CC=C1)C1=CC=C(S1)C(C)NC1=NC(=NC2=CC(=C(C=C12)OC)OC)C)F,2018,raw/2018_WO2018172250_raw.xlsx,Sheet1,291
292,NCC1=C(C=C(C=C1)Cl)C1=CC=C(S1)C(C)NC1=NC(=NC2=CC(=C(C=C12)OC)OC)C,2018,raw/2018_WO2018172250_raw.xlsx,Sheet1,292
293,COC=1C=C2C(=NC(=NC2=CC1OC)C)NC(C)C1=CC=C(S1)C1=C(CNC(=O)C=2NC=CN2)C=C(C=C1)F,2018,raw/2018_WO2018172250_raw.xlsx,Sheet1,293
294,COC=1C=C2C(=NC(=NC2=CC1OC)C)NC(C)C1=CC=C(S1)C1=C(CNC(=O)C2=CN=CN2)C=C(C=C1)F,2018,raw/2018_WO2018172250_raw.xlsx,Sheet1,294
295,nan,2018,raw/2018_WO2018172250_raw.xlsx,Sheet1,295
296,COC=1C=C2C(=NC(=NC2=CC1OC)C)NC(C)C1=CC=C(S1)C1=C(CNC(=O)C=2NC3=CC=CC=C3C2)C=C(C=C1)F,2018,raw/2018_WO2018172250_raw.xlsx,Sheet1,296
297,COC=1C=C2C(=NC(=NC2=CC1OC)C)NC(C)C1=CC=C(S1)C1=C(CNCCO)C=CC=C1,2018,raw/2018_WO2018172250_raw.xlsx,Sheet1,297
298,COC=1C=C2C(=NC(=NC2=CC1OC)C)NC(C)C1=CC=C(S1)C1=C(CN(CCO)C)C=CC=C1,2018,raw/2018_WO2018172250_raw.xlsx,Sheet1,298
299,COC=1C=C2C(=NC(=NC2=CC1OC)C)NC(C)C1=CC=C(S1)C1=C(CNC(CNC2=CC=CC=C2)=O)C=C(C=C1)F,2018,raw/2018_WO2018172250_raw.xlsx,Sheet1,299
300,COC=1C=C2C(=NC(=NC2=CC1OC)C)NC(C)C=1SC(=CC1)C1=C(C=CC=C1)CNCC(F)(F)F,2018,raw/2018_WO2018172250_raw.xlsx,Sheet1,300
301,COC=1C=C2C(=NC(=NC2=CC1OC)C)NC(C)C=1SC(=CC1)C1=C(C=CC=C1)CNC1=NC=CC=C1,2018,raw/2018_WO2018172250_raw.xlsx,Sheet1,301
302,COC=1C=C2C(=NC(=NC2=CC1OC)C)NC(C)C=1SC(=CC1)C1=C(C=CC=C1)CNC1=NNC=C1,2018,raw/2018_WO2018172250_raw.xlsx,Sheet1,302
303,C1N(CCC2=CC=CC=C12)C(CNCC1=C(C=CC=C1)C=1SC(=CC1)C(C)NC1=NC(=NC2=CC(=C(C=C12)OC)OC)C)=O,2018,raw/2018_WO2018172250_raw.xlsx,Sheet1,303
304,FC1=CC(=C(C=C1)C1=CC=C(S1)C(C)NC1=NC(=NC2=CC(=C(C=C12)OC)OC)C)CNCC=1N(C=CN1)C,2018,raw/2018_WO2018172250_raw.xlsx,Sheet1,304
305,Cl.COC=1C=C2C(=NC(=NC2=CC1OC)C)NC(C)C=1SC(=CC1)C1=C(C=CC=C1)CN1CCNCC1,2018,raw/2018_WO2018172250_raw.xlsx,Sheet1,305
306,C(C)(C)(C)OC(=O)N1CCN(CC1)CC1=C(C=CC=C1)C=1SC(=CC1)C(C)NC1=NC(=NC2=CC(=C(C=C12)OC)OC)C,2018,raw/2018_WO2018172250_raw.xlsx,Sheet1,306
307,COC=1C=C2C(=NC(=NC2=CC1OC)C)NC(C)C1=CC=C(S1)C1=C(CNC(C)=O)C=C(C=C1)F,2018,raw/2018_WO2018172250_raw.xlsx,Sheet1,307
308,COC=1C=C2C(=NC(=NC2=CC1OC)C)NC(C)C=1SC(=CC1)C1=C(C=CC=C1)CN1CCN(CC1)C,2018,raw/2018_WO2018172250_raw.xlsx,Sheet1,308
309,COC=1C=C2C(=NC(=NC2=CC1OC)C)NC(C)C1=CC=C(S1)C1=C(CN[C@@H]2C(N(CC2)C)=O)C=CC=C1,2018,raw/2018_WO2018172250_raw.xlsx,Sheet1,309
310,COC=1C=C2C(=NC(=NC2=CC1OC)C)NC(C)C1=CC=C(S1)C1=C(CNC(=O)C2=NNC=C2)C=C(C=C1)F,2018,raw/2018_WO2018172250_raw.xlsx,Sheet1,310
311,COC=1C=C2C(=NC(=NC2=CC1OC)C)NC(C)C=1SC(=CC1)C1=C(C=CC=C1)CN1CCOCC1,2018,raw/2018_WO2018172250_raw.xlsx,Sheet1,311
312,COC=1C=C2C(=NC(=NC2=CC1OC)C)NC(C)C1=CC=C(S1)C1=C(CN2CC(C2)O)C=CC=C1,2018,raw/2018_WO2018172250_raw.xlsx,Sheet1,312
313,COC=1C=C2C(=NC(=NC2=CC1OC)C)NC(C)C1=CC=C(S1)C1=C(CN2CC3(C2)NC(NC3)=O)C=CC=C1,2018,raw/2018_WO2018172250_raw.xlsx,Sheet1,313
314,COC=1C=C2C(=NC(=NC2=CC1OC)C)NC(C)C1=CC=C(S1)C1=C(CNC([C@H]2NCCC2)=O)C=C(C=C1)F,2018,raw/2018_WO2018172250_raw.xlsx,Sheet1,314
315,FC(CNCC1=C(C=CC=C1)C1=CC=C(S1)C(C)NC1=NC(=NC2=CC(=C(C=C12)OC)OC)C)F,2018,raw/2018_WO2018172250_raw.xlsx,Sheet1,315
316,COC=1C=C2C(=NC(=NC2=CC1OC)C)NC(C)C1=CC=C(S1)C1=C(CNC([C@H]2NCCC2)=O)C=C(C=C1)F,2018,raw/2018_WO2018172250_raw.xlsx,Sheet1,316
317,N1(CCC1)CC1=C(C=CC=C1)C1=CC=C(S1)C(C)NC1=NC(=NC2=CC(=C(C=C12)OC)OC)C,2018,raw/2018_WO2018172250_raw.xlsx,Sheet1,317
318,nan,2018,raw/2018_WO2018172250_raw.xlsx,Sheet1,318
319,CN(C1CN(C1)CC1=C(C=CC=C1)C1=CC=C(S1)C(C)NC1=NC(=NC2=CC(=C(C=C12)OC)OC)C)C,2018,raw/2018_WO2018172250_raw.xlsx,Sheet1,319
320,FC1(CN(C1)CC1=C(C=CC=C1)C1=CC=C(S1)C(C)NC1=NC(=NC2=CC(=C(C=C12)OC)OC)C)F,2018,raw/2018_WO2018172250_raw.xlsx,Sheet1,320
321,COC=1C=C2C(=NC(=NC2=CC1OC)C)NC(C)C=1SC(=CC1)C1=C(C=CC=C1)CN(CC(F)(F)F)C,2018,raw/2018_WO2018172250_raw.xlsx,Sheet1,321
322,FC1CN(C1)CC1=C(C=CC=C1)C1=CC=C(S1)C(C)NC1=NC(=NC2=CC(=C(C=C12)OC)OC)C,2018,raw/2018_WO2018172250_raw.xlsx,Sheet1,322
323,ClC1=CC(=C(C=C1)C1=CC=C(S1)C(C)NC1=NC(=NC2=CC(=C(C=C12)OC)OC)C)CN(C)C,2018,raw/2018_WO2018172250_raw.xlsx,Sheet1,323
324,COC=1C=C2C(=NC(=NC2=CC1OC)C)NC(C)C1=CC=C(S1)C1=C(C=CC=C1)C(C)=O,2018,raw/2018_WO2018172250_raw.xlsx,Sheet1,324
325,COC=1C=C2C(=NC(=NC2=CC1OC)C)NC(C)C=1SC(=CC1)C1=C(C=CC=C1)OCCN1CCCC1,2018,raw/2018_WO2018172250_raw.xlsx,Sheet1,325
326,COC=1C=C2C(=NC(=NC2=CC1OC)C)NC(C)C=1SC=C(C1)C1=C(C=CC=C1)CNC,2018,raw/2018_WO2018172250_raw.xlsx,Sheet1,326
327,COC=1C=C2C(=NC(=NC2=CC1OC)C)NC(C)C=1SC=C(C1)C1=C(C=CC=C1)CNC,2018,raw/2018_WO2018172250_raw.xlsx,Sheet1,327
328,N1=C2N(C(=C1)C1=CC=C(S1)C(C)NC1=NC(=NC3=CC(=C(C=C13)OC)OC)C)CCC2,2018,raw/2018_WO2018172250_raw.xlsx,Sheet1,328
329,N1=C2N(C(=C1)C1=CC=C(S1)C(C)NC1=NC(=NC3=CC(=C(C=C13)OC)OC)C)CCC2,2018,raw/2018_WO2018172250_raw.xlsx,Sheet1,329
330,COC=1C=C2C(=NC(=NC2=CC1OC)C)NC(C)C1=CC=CC2=C1C=C(S2)C,2018,raw/2018_WO2018172250_raw.xlsx,Sheet1,330
331,COC=1C=C2C(=NC(=NC2=CC1OC)C)NC(C)C1=C2C(=NC=C1)SC=C2,2018,raw/2018_WO2018172250_raw.xlsx,Sheet1,331
332,COC=1C=C2C(=NC(=NC2=CC1OC)C)NC(C)C1=C2C(=CN=C1)SC=C2,2018,raw/2018_WO2018172250_raw.xlsx,Sheet1,332
333,COC=1C=C2C(=NC(=NC2=CC1OC)C)NC(C)C1=NC=CC2=C1C=CS2,2018,raw/2018_WO2018172250_raw.xlsx,Sheet1,333
334,CC1=NNC(=C1C=1C=C(C=CC1)[C@@H](C)NC1=NC(=NC2=CC(=C(C=C12)OC)OC)C)C,2018,raw/2018_WO2018172250_raw.xlsx,Sheet1,334
335,COC=1C=C2C(=NC(=NC2=CC1OC)C)N[C@H](C)C1=CC(=CC=C1)C=1C=NNC1C,2018,raw/2018_WO2018172250_raw.xlsx,Sheet1,335
336,CC1=NOC(=C1C=1C=C(C=CC1)[C@@H](C)NC1=NC(=NC2=CC(=C(C=C12)OC)OC)C)C,2018,raw/2018_WO2018172250_raw.xlsx,Sheet1,336
337,COC=1C=C2C(=NC(=NC2=CC1OC)C)N[C@H](C)C1=CC(=CC=C1)C1=CC=NN1,2018,raw/2018_WO2018172250_raw.xlsx,Sheet1,337
338,COC=1C=C2C(=NC(=NC2=CC1OC)C)N[C@H](C)C1=CC(=CC=C1)C=1C=NN(C1)C,2018,raw/2018_WO2018172250_raw.xlsx,Sheet1,338
339,COC=1C=C2C(=NC(=NC2=CC1OC)C)N[C@H](C)C1=CC(=CC=C1)C1=CC=NN1C,2018,raw/2018_WO2018172250_raw.xlsx,Sheet1,339
340,N1(C=NC=C1)C=1C=C(C=CC1)[C@@H](C)NC1=NC(=NC2=CC(=C(C=C12)OC)OC)C,2018,raw/2018_WO2018172250_raw.xlsx,Sheet1,340
341,COC=1C=C2C(=NC(=NC2=CC1OC)C)N[C@H](C)C1=CC(=CC=C1)N1N=CC=C1,2018,raw/2018_WO2018172250_raw.xlsx,Sheet1,341
342,N1C=NC(=C1)C=1C=C(C=CC1)[C@@H](C)NC1=NC(=NC2=CC(=C(C=C12)OC)OC)C,2018,raw/2018_WO2018172250_raw.xlsx,Sheet1,342
343,C(C1=CC=CC=C1)OC=1C=C2C(=NC(=NC2=CC1OC)C)N[C@H](C)C1=CC(=CC=C1)Br,2018,raw/2018_WO2018172250_raw.xlsx,Sheet1,343
344,C(C1=CC=CC=C1)OC=1C=C2C(=NC(=NC2=CC1OC)C)N[C@H](C)C1=CC(=CC=C1)C=1C=NNC1,2018,raw/2018_WO2018172250_raw.xlsx,Sheet1,344
345,COC1=C(C=C2C(=NC(=NC2=C1)C)N[C@H](C)C1=CC(=CC=C1)C=1C=NNC1)O,2018,raw/2018_WO2018172250_raw.xlsx,Sheet1,345
346,C1(CC1)COC=1C=C2C(=NC(=NC2=CC1OC)C)N[C@H](C)C1=CC(=CC=C1)C=1C=NNC1,2018,raw/2018_WO2018172250_raw.xlsx,Sheet1,346
347,COC=1C=C2C(=NC(=NC2=CC1OC)C)NC(C)C=1SC=CC1,2018,raw/2018_WO2018172250_raw.xlsx,Sheet1,347
348,COC1=C(C=C2C(=NC(=NC2=C1)C)N[C@H](C)C1=CC(=CC=C1)C=1C=NNC1)OCCOC,2018,raw/2018_WO2018172250_raw.xlsx,Sheet1,348
349,COC=1C=C2C(=NC(=NC2=CC1OC)C)NC(C)C1=CC=C(S1)C1=C(C=CC=C1)[C@@H](CC)O,2018,raw/2018_WO2018172250_raw.xlsx,Sheet1,349
350,C(CCC)OC=1C=C2C(=NC(=NC2=CC1OC)C)N[C@H](C)C1=CC(=CC=C1)C=1C=NNC1,2018,raw/2018_WO2018172250_raw.xlsx,Sheet1,350
351,COC1=C(C=C2C(=NC(=NC2=C1)C)N[C@H](C)C1=CC(=CC=C1)C=1C=NNC1)OCCC(C)C,2018,raw/2018_WO2018172250_raw.xlsx,Sheet1,351
352,C(C)(C)(C)OC(NCCC1=C(C=CC=C1)C=1SC(=CC1)C(C)NC1=NC(=NC2=CC(=C(C=C12)OC)OC)C)=O,2018,raw/2018_WO2018172250_raw.xlsx,Sheet1,352
353,COC1=C(C=C2C(=NC(=NC2=C1)C)N[C@H](C)C1=CC(=CC=C1)C=1C=NNC1)OC(C)C,2018,raw/2018_WO2018172250_raw.xlsx,Sheet1,353
354,COC1=C(C=C2C(=NC(=NC2=C1)C)N[C@H](C)C1=CC(=CC=C1)C=1C=NNC1)OCC1COC1,2018,raw/2018_WO2018172250_raw.xlsx,Sheet1,354
355,C(C)OC=1C=C2C(=NC(=NC2=CC1OC)C)N[C@H](C)C1=CC(=CC=C1)C=1C=NNC1,2018,raw/2018_WO2018172250_raw.xlsx,Sheet1,355
356,C(C)OC=1C=C2C(=NC(=NC2=CC1OC)C)N[C@H](C)C1=CC(=CC=C1)C=1C=NN(C1)CC,2018,raw/2018_WO2018172250_raw.xlsx,Sheet1,356
357,NCCC1=C(C=CC=C1)C1=CC=C(S1)C(C)NC1=NC(=NC2=CC(=C(C=C12)OC)OC)C,2018,raw/2018_WO2018172250_raw.xlsx,Sheet1,357
358,C(C)(C)(C)OC(NC(C)C1=C(C=CC=C1)C=1SC(=CC1)C(C)NC1=NC(=NC2=CC(=C(C=C12)OC)OC)C)=O,2018,raw/2018_WO2018172250_raw.xlsx,Sheet1,358
359,NC(C)C1=C(C=CC=C1)C1=CC=C(S1)C(C)NC1=NC(=NC2=CC(=C(C=C12)OC)OC)C,2018,raw/2018_WO2018172250_raw.xlsx,Sheet1,359
360,NC(C)C1=C(C=CC=C1)C1=CC=C(S1)C(C)NC1=NC(=NC2=CC(=C(C=C12)OC)OC)C,2018,raw/2018_WO2018172250_raw.xlsx,Sheet1,360
361,COC=1C=C2C(=NC(=NC2=CC1OC)C)NC(C)C=1SC(=CC1)C1=C(C=CC=C1)C=1C=NNC1,2018,raw/2018_WO2018172250_raw.xlsx,Sheet1,361
362,COC=1C=C2C(=NC(=NC2=CC1OC)C)NC(C)C=1SC(=CC1)C1=C(C=CC=C1)CNC1=CC=CC=C1,2018,raw/2018_WO2018172250_raw.xlsx,Sheet1,362
363,BrC=1C=C2C(=NC(=NC2=CC1)C)N[C@H](C)C1=CC(=CC=C1)Cl,2018,raw/2018_WO2018172250_raw.xlsx,Sheet1,363
364,C1(CCCC1)NCC1=C(C=CC=C1)C1=CC=C(S1)C(C)NC1=NC(=NC2=CC(=C(C=C12)OC)OC)C,2018,raw/2018_WO2018172250_raw.xlsx,Sheet1,364
365,C(C1=CC=CC=C1)NCC1=C(C=CC=C1)C1=CC=C(S1)C(C)NC1=NC(=NC2=CC(=C(C=C12)OC)OC)C,2018,raw/2018_WO2018172250_raw.xlsx,Sheet1,365
366,C(CCC)NCC1=C(C=CC=C1)C1=CC=C(S1)C(C)NC1=NC(=NC2=CC(=C(C=C12)OC)OC)C,2018,raw/2018_WO2018172250_raw.xlsx,Sheet1,366
367,C(C)NCC1=C(C=CC=C1)C1=CC=C(S1)C(C)NC1=NC(=NC2=CC(=C(C=C12)OC)OC)C,2018,raw/2018_WO2018172250_raw.xlsx,Sheet1,367
368,COC=1C=C2C(=NC(=NC2=CC1OC)C)NC(C)C=1SC(=CC1)C1=C(C=CC=C1)C1=NN=NN1,2018,raw/2018_WO2018172250_raw.xlsx,Sheet1,368
369,COC=1C=C2C(=NC(=NC2=CC1OC)C)NC(C)C=1SC(=CC1)C1=C(C=CC=C1)CNCCOC,2018,raw/2018_WO2018172250_raw.xlsx,Sheet1,369
370,C1(CC1)NCC1=C(C=CC=C1)C1=CC=C(S1)C(C)NC1=NC(=NC2=CC(=C(C=C12)OC)OC)C,2018,raw/2018_WO2018172250_raw.xlsx,Sheet1,370
371,COC(=O)C=1C=C2C(=NC(=NC2=CC1)C)N[C@H](C)C1=CC(=CC=C1)Cl,2018,raw/2018_WO2018172250_raw.xlsx,Sheet1,371
372,ClC=1C=C(C=CC1)[C@@H](C)NC1=NC(=NC2=CC=C(C=C12)C(=O)O)C,2018,raw/2018_WO2018172250_raw.xlsx,Sheet1,372
373,ClC=1C=C(C=CC1)[C@@H](C)NC1=NC(=NC2=CC=C(C=C12)CO)C,2018,raw/2018_WO2018172250_raw.xlsx,Sheet1,373
374,COC=1C=C2C(=NC(=NC2=CC1OC)C)NC(C)C1=CC=C(S1)C1=C(C=CC=C1)C(O)C1=CC=CC=C1,2018,raw/2018_WO2018172250_raw.xlsx,Sheet1,374
375,COC=1C=C2C(=NC(=NC2=CC1OC)C)NC(C)C1=CC=C(S1)C1=C(C=CC=C1)C(CCC1=CC=CC=C1)O,2018,raw/2018_WO2018172250_raw.xlsx,Sheet1,375
376,COC=1C=C2C(=NC(=NC2=CC1OC)C)NC(C)C1=CC=C(S1)C1=C(C=CC=C1)C(CC1=CC=CC=C1)O,2018,raw/2018_WO2018172250_raw.xlsx,Sheet1,376
377,COC=1C=C2C(=NC(=NC2=CC1OC)C)NC(C)C1=CC=C(S1)C1=C(C=CC=C1)C(CCCC)O,2018,raw/2018_WO2018172250_raw.xlsx,Sheet1,377
378,COC=1C=C2C(=NC(=NC2=CC1OC)C)NC(C)C1=CC=C(S1)C1=C(C=CC=C1)C(C#C)O,2018,raw/2018_WO2018172250_raw.xlsx,Sheet1,378
379,COC=1C=C2C(=NC(=NC2=CC1OC)C)NC(C)C1=CC=C(S1)C1=C(C=CC=C1)C(C(C)C)O,2018,raw/2018_WO2018172250_raw.xlsx,Sheet1,379
380,COC=1C=C2C(=NC(=NC2=CC1OC)C)NC(C)C1=CC=C(S1)C1=C(C=CC=C1)C(C(F)(F)F)O,2018,raw/2018_WO2018172250_raw.xlsx,Sheet1,380
381,N1=C2N(C(=C1)C1=C(C=C(S1)C(C)NC1=NC(=NC3=CC(=C(C=C13)OC)OC)C)C)CCC2,2018,raw/2018_WO2018172250_raw.xlsx,Sheet1,381
382,COC=1C=C2C(=NC(=NC2=CC1OC)C)NC(C)C1=CC=C(S1)C1=C(CNC(CO)=O)C=C(C=C1)F,2018,raw/2018_WO2018172250_raw.xlsx,Sheet1,382
383,COC=1C=C2C(=NC(=NC2=CC1OC)C)NC(C)C1=CC=C(S1)C1=C(CNC(COC)=O)C=C(C=C1)F,2018,raw/2018_WO2018172250_raw.xlsx,Sheet1,383
384,BrC1=CC(=C(C=C1)C1=CC=C(S1)C(C)NC1=NC(=NC2=CC(=C(C=C12)OC)OC)C)CN(C)C,2018,raw/2018_WO2018172250_raw.xlsx,Sheet1,384
385,CN(C)CC1=C(C=CC(=C1)C(F)(F)F)C1=CC=C(S1)C(C)NC1=NC(=NC2=CC(=C(C=C12)OC)OC)C,2018,raw/2018_WO2018172250_raw.xlsx,Sheet1,385
386,COC=1C=C2C(=NC(=NC2=CC1OC)C)NC(C)C=1SC(=CC1)C1=C(C=C(C=C1)C(F)(F)F)C,2018,raw/2018_WO2018172250_raw.xlsx,Sheet1,386
387,C(C)(C)(C)OC(NCC1=C(C=C(C=C1)Cl)C=1SC(=CC1)C(C)NC1=NC(=NC2=CC(=C(C=C12)OC)OC)C)=O,2018,raw/2018_WO2018172250_raw.xlsx,Sheet1,387
388,COC=1C=C2C(=NC(=NC2=CC1OC)C)N[C@H](C)C=1C=C(C=CC1)C1=CC(=NC=C1)O,2018,raw/2018_WO2018172250_raw.xlsx,Sheet1,388
389,C(C1=CC=CC=C1)OC=1C=C(C=CC1)C(C)NC1=NC(=NC2=CC(=C(C=C12)OC)OC)C,2018,raw/2018_WO2018172250_raw.xlsx,Sheet1,389
390,CN(C)CC1=C(C=CC=C1)C1=CC=C(S1)C(C)NC1=NC(=NC2=CC(=C(C=C12)OC)OC)C,2018,raw/2018_WO2018172250_raw.xlsx,Sheet1,390
391,CN(C)CC1=C(C=CC=C1)C1=CC=C(S1)C(C)NC1=NC(=NC2=CC(=C(C=C12)OC)OC)C,2018,raw/2018_WO2018172250_raw.xlsx,Sheet1,391
392,ClC=1C=C(C=CC1)[C@@H](C)NC1=NC(=NC2=CC=C(C=C12)C(C)(C)O)C,2018,raw/2018_WO2018172250_raw.xlsx,Sheet1,392
393,COC=1C=C2C(=NC(=NC2=CC1OC)C)N[C@H](C)C=1C=C(C=CC1)C1=C(C=CC=C1)CC(=O)N,2018,raw/2018_WO2018172250_raw.xlsx,Sheet1,393
394,COC=1C=C2C(=NC(=NC2=CC1OC)C)NC(C)C1=CC=C(S1)C1=C(C=CC=C1)CC(=O)N,2018,raw/2018_WO2018172250_raw.xlsx,Sheet1,394
395,COC=1C=C2C(=NC(=NC2=CC1OC)C)NC(C)C1=CC=C(S1)C=1C=CC(=NC1)O,2018,raw/2018_WO2018172250_raw.xlsx,Sheet1,395
396,ClC=1C=C(C=CC1)[C@@H](C)NC1=NC(=NC2=C(C=C(C=C12)OC)C)C,2018,raw/2018_WO2018172250_raw.xlsx,Sheet1,396
397,NCC1=C(C=CC=C1Cl)C1=CC=C(S1)C(C)NC1=NC(=NC2=CC(=C(C=C12)OC)OC)C,2018,raw/2018_WO2018172250_raw.xlsx,Sheet1,397
398,NCC1=C(C=CC(=C1)Cl)C1=CC=C(S1)C(C)NC1=NC(=NC2=CC(=C(C=C12)OC)OC)C,2018,raw/2018_WO2018172250_raw.xlsx,Sheet1,398
399,NCC1=C(C=CC(=C1)F)C1=C(C=C(S1)C(C)NC1=NC(=NC2=CC(=C(C=C12)OC)OC)C)C,2018,raw/2018_WO2018172250_raw.xlsx,Sheet1,399
400,CN(C)CC1=C(C=CC=C1)C1=C(C=C(S1)C(C)NC1=NC(=NC2=CC(=C(C=C12)OC)OC)C)C,2018,raw/2018_WO2018172250_raw.xlsx,Sheet1,400
401,COC=1C=C2C(=NC(=NC2=CC1OC)C)NC(C)C1=CC(=C(S1)C1=C(CN(CCO)C)C=CC=C1)C,2018,raw/2018_WO2018172250_raw.xlsx,Sheet1,401
402,COC=1C=C2C(=NC(=NC2=CC1OC)C)NC(C)C=1SC(=C(C1)C)C1=C(C=CC=C1)CNC,2018,raw/2018_WO2018172250_raw.xlsx,Sheet1,402
403,COC=1C=C2C(=NC(=NC2=CC1OC)C)NC(C)C1=CC=C(S1)C1=C(C=CC=C1)C(CO)O,2018,raw/2018_WO2018172250_raw.xlsx,Sheet1,403
404,ClC=1C=C(C=CC1)[C@@H](C)NC1=NC(=NC2=CC=C(C=C12)C)C,2018,raw/2018_WO2018172250_raw.xlsx,Sheet1,404
405,ClC=1C=C(C=CC1)[C@@H](C)NC1=NC(=NC2=CC=C(C=C12)C=1C=NNC1)C,2018,raw/2018_WO2018172250_raw.xlsx,Sheet1,405
406,ClC=1C=C(C=CC1)[C@@H](C)NC1=NC(=NC2=CC=C(C=C12)C=1C=NN(C1)C)C,2018,raw/2018_WO2018172250_raw.xlsx,Sheet1,406
407,ClC=1C=C(C=CC1)[C@@H](C)NC1=NC(=NC2=CC=C(C=C12)C1CC1)C,2018,raw/2018_WO2018172250_raw.xlsx,Sheet1,407
408,C(C)(C)(C)OC(NCC1=C(C(=CC=C1)Cl)C=1SC(=CC1)C(C)NC1=NC(=NC2=CC(=C(C=C12)OC)OC)C)=O,2018,raw/2018_WO2018172250_raw.xlsx,Sheet1,408
409,NCC1=C(C(=CC=C1)Cl)C1=CC=C(S1)C(C)NC1=NC(=NC2=CC(=C(C=C12)OC)OC)C,2018,raw/2018_WO2018172250_raw.xlsx,Sheet1,409
410,COC=1C=C2C(=NC(=NC2=CC1OC)C)NC(C)C1=CC=C(S1)C1=CC(=NC=C1)O,2018,raw/2018_WO2018172250_raw.xlsx,Sheet1,410
411,COC=1C=C2C(=NC(=NC2=CC1OC)C)NC(C)C1=CC=C(S1)C1=C(C=CC=C1)C1CC(N1)=O,2018,raw/2018_WO2018172250_raw.xlsx,Sheet1,411
412,ClC=1C=C(C=CC1)[C@@H](C)NC1=NC(=NC2=CC(=C(C=C12)OC)C)C,2018,raw/2018_WO2018172250_raw.xlsx,Sheet1,412
413,COC=1C=C2C(=NC(=NC2=CC1OC)C)NC(C)C1=CC=C(S1)C1=C(C=C(C#N)C=C1)CN(C)C,2018,raw/2018_WO2018172250_raw.xlsx,Sheet1,413
414,BrC1=CC=C(S1)C(C)NC1=NC(=NC2=CC=C(C=C12)N1CC(CC1)N(C)C)C,2018,raw/2018_WO2018172250_raw.xlsx,Sheet1,414
415,CN(C)CC1=C(C=CC=C1)C1=CC=C(S1)C(C)NC1=NC(=NC2=CC=C(C=C12)N1CCCC1)C,2018,raw/2018_WO2018172250_raw.xlsx,Sheet1,415
416,BrC1=CC=C(S1)C(C)NC1=NC(=NC2=CC=C(C=C12)N1CCN(CC1)C)C,2018,raw/2018_WO2018172250_raw.xlsx,Sheet1,416
417,CN(C)CC1=C(C=CC=C1)C1=CC=C(S1)C(C)NC1=NC(=NC2=CC=C(C=C12)N1CCN(CC1)C)C,2018,raw/2018_WO2018172250_raw.xlsx,Sheet1,417
418,CN(C)CC1=C(C=CC=C1)C1=CC=C(S1)C(C)NC1=NC(=NC2=CC=C(C=C12)N1CC(CC1)N(C)C)C,2018,raw/2018_WO2018172250_raw.xlsx,Sheet1,418
419,BrC1=CC=C(S1)[C@@H](C)NC1=NC(=NC2=CC=C(C=C12)N1CCCC1)C,2018,raw/2018_WO2018172250_raw.xlsx,Sheet1,419
420,CN(C)CC1=C(C=CC=C1)C1=CC=C(S1)C(C)NC1=NC(=NC2=CC=C(C=C12)NC(C)=O)C,2018,raw/2018_WO2018172250_raw.xlsx,Sheet1,420
421,CN(C)CC1=C(C=CC=C1)C1=CC=C(S1)C(C)NC1=NC(=NC2=CC=C(C=C12)[N+](=O)[O-])C,2018,raw/2018_WO2018172250_raw.xlsx,Sheet1,421
422,COC=1C=C2C(=NC(=NC2=CC1OC)C)NC(C)C=1SC(=CC1)C1=C(C=C(C=C1)OC)C,2018,raw/2018_WO2018172250_raw.xlsx,Sheet1,422
423,CN(C)CC1=C(C=CC=C1)C1=CC=C(S1)C(C)NC1=NC(=NC2=CC=C(C=C12)N)C,2018,raw/2018_WO2018172250_raw.xlsx,Sheet1,423
424,BrC1=CC=C(S1)C(C)NC1=NC(=NC2=CC=C(C=C12)N1CCN(CC1)CC=1C=NC=CC1)C,2018,raw/2018_WO2018172250_raw.xlsx,Sheet1,424
425,BrC1=CC=C(S1)C(C)NC1=NC(=NC2=CC=C(C=C12)NCCN1CCOCC1)C,2018,raw/2018_WO2018172250_raw.xlsx,Sheet1,425
426,CN(C)CC1=C(C=CC=C1)C1=CC=C(S1)C(C)NC1=NC(=NC2=CC=C(C=C12)N1CCN(CC1)CC=1C=NC=CC1)C,2018,raw/2018_WO2018172250_raw.xlsx,Sheet1,426
427,CN(C)CC1=C(C=CC=C1)C1=CC=C(S1)C(C)NC1=NC(=NC2=CC=C(C=C12)NCCNC(C)=O)C,2018,raw/2018_WO2018172250_raw.xlsx,Sheet1,427
428,BrC1=CC(=C(S1)C(C)NC1=NC(=NC2=CC(=C(C=C12)OC)OC)C)Cl,2018,raw/2018_WO2018172250_raw.xlsx,Sheet1,428
429,C(C)(C)(C)OC(NCC1=C(C=CC=C1)C=1SC(=C(C1)Cl)C(C)NC1=NC(=NC2=CC(=C(C=C12)OC)OC)C)=O,2018,raw/2018_WO2018172250_raw.xlsx,Sheet1,429
430,NCC1=C(C=CC=C1)C1=C(C=C(S1)C(C)NC1=NC(=NC2=CC(=C(C=C12)OC)OC)C)Cl,2018,raw/2018_WO2018172250_raw.xlsx,Sheet1,430
431,ClC=1C=C(SC1C1=C(C=CC=C1)CN(C)C)C(C)NC1=NC(=NC2=CC(=C(C=C12)OC)OC)C,2018,raw/2018_WO2018172250_raw.xlsx,Sheet1,431
432,BrC1=C(C=C(S1)C(C)NC1=NC(=NC2=CC(=C(C=C12)OC)OC)C)Cl,2018,raw/2018_WO2018172250_raw.xlsx,Sheet1,432
433,CN(C)CC1=C(C=CC=C1)C1=CC=C(S1)C(C)NC1=NC(=NC2=CC=C(C=C12)NCCN1CCOCC1)C,2018,raw/2018_WO2018172250_raw.xlsx,Sheet1,433
434,BrC1=CC=C(S1)C(C)NC1=NC(=NC2=CC=C(C=C12)N1CC(N(CC1)C)=O)C,2018,raw/2018_WO2018172250_raw.xlsx,Sheet1,434
435,CN(C)CC1=C(C=CC=C1)C1=CC=C(S1)C(C)NC1=NC(=NC2=CC=C(C=C12)N1CC(N(CC1)C)=O)C,2018,raw/2018_WO2018172250_raw.xlsx,Sheet1,435
436,COC(C(C)(C)C1=C(C=CC=C1)C=1SC(=CC1)C(C)NC1=NC(=NC2=CC(=C(C=C12)OC)OC)C)=O,2018,raw/2018_WO2018172250_raw.xlsx,Sheet1,436
437,NCC1=C(C=CC=C1)C1=CC(=C(S1)C(C)NC1=NC(=NC2=CC(=C(C=C12)OC)OC)C)Cl,2018,raw/2018_WO2018172250_raw.xlsx,Sheet1,437
438,CN(C)CC1=C(C=CC=C1)C1=CC=C(S1)C(C)NC1=NC(=NC2=CC=C(C=C12)NS(=O)(=O)C)C,2018,raw/2018_WO2018172250_raw.xlsx,Sheet1,438
439,CN(C)CC1=C(C=CC(=C1)OC)C1=CC=C(S1)C(C)NC1=NC(=NC2=CC(=C(C=C12)OC)OC)C,2018,raw/2018_WO2018172250_raw.xlsx,Sheet1,439
440,CN(C)CC1=C(C=CC=C1)C1=CC=C(S1)C(C)NC1=NC(=NC2=CC=C(C=C12)NC(N(C)C)=O)C,2018,raw/2018_WO2018172250_raw.xlsx,Sheet1,440
441,C(C1=CC=CC=C1)N1C(CN(CC1)C=1C=C2C(=NC(=NC2=CC1)C)NC(C)C=1SC(=CC1)Br)=O,2018,raw/2018_WO2018172250_raw.xlsx,Sheet1,441
442,CN(C)CC1=C(C=CC(=C1)C)C1=CC=C(S1)C(C)NC1=NC(=NC2=CC(=C(C=C12)OC)OC)C,2018,raw/2018_WO2018172250_raw.xlsx,Sheet1,442
443,C1(CC1)C1=CC(=C(C=C1)C1=CC=C(S1)C(C)NC1=NC(=NC2=CC(=C(C=C12)OC)OC)C)CN(C)C,2018,raw/2018_WO2018172250_raw.xlsx,Sheet1,443
444,COC=1C=C2C(=NC(=NC2=CC1OC)C)NC(C)C=1N=C(SC1)C,2018,raw/2018_WO2018172250_raw.xlsx,Sheet1,444
445,COC=1C=C2C(=NC(=NC2=CC1OC)C)NC(C)C=1SC=C(N1)C,2018,raw/2018_WO2018172250_raw.xlsx,Sheet1,445
446,COC=1C=C2C(=NC(=NC2=CC1OC)C)NC(C)C1=CC=C(S1)C1=NN(C(=C1)C(=O)O)C,2018,raw/2018_WO2018172250_raw.xlsx,Sheet1,446
447,C(C)(C)(C)OC(NCC1=CC=C(S1)C=1SC(=CC1)C(C)NC1=NC(=NC2=CC(=C(C=C12)OC)OC)C)=O,2018,raw/2018_WO2018172250_raw.xlsx,Sheet1,447
448,COC1=C(C=C2C(=NC(=NC2=C1)C)N[C@H](C)C1=CC(=CC=C1)C=1C=NNC1)OCCS(=O)(=O)C,2018,raw/2018_WO2018172250_raw.xlsx,Sheet1,448
449,C(C)(C)(C)OC(NCC1=C(C=CC(=C1)Cl)C=1SC(=CC1)C(C)NC1=NC(=NC2=CC(=C(C=C12)OC)OC)C)=O,2018,raw/2018_WO2018172250_raw.xlsx,Sheet1,449
450,C(C)(C)(C)OC(NCC1=C(C=CC=C1C=1SC(=CC1)C(C)NC1=NC(=NC2=CC(=C(C=C12)OC)OC)C)Cl)=O,2018,raw/2018_WO2018172250_raw.xlsx,Sheet1,450
451,BrC1=CC=C2C(=NC(=NC2=C1)C)N[C@H](C)C1=CC(=CC=C1)Cl,2018,raw/2018_WO2018172250_raw.xlsx,Sheet1,451
452,BrC1=CC=C(S1)C(C)NC1=NC(=NC2=CC=C(C=C12)[N+](=O)[O-])C,2018,raw/2018_WO2018172250_raw.xlsx,Sheet1,452
453,COC(=O)C1=CC=C2C(=NC(=NC2=C1)C)N[C@H](C)C1=CC(=CC=C1)Cl,2018,raw/2018_WO2018172250_raw.xlsx,Sheet1,453
454,NC(CC(=O)O)C1=C(C=CC=C1)C1=CSC(=C1)C(C)NC1=NC(=NC2=CC(=C(C=C12)OC)OC)C,2018,raw/2018_WO2018172250_raw.xlsx,Sheet1,454
455,NC(C)(C)C1=C(C=CC=C1)C1=CC=C(S1)C(C)NC1=NC(=NC2=CC(=C(C=C12)OC)OC)C,2018,raw/2018_WO2018172250_raw.xlsx,Sheet1,455
456,COC=1C=C2C(=NC(=NC2=CC1OC)C)NC(C)C1=CC=C(S1)C1=C(CN(C)CC#N)C=CC=C1,2018,raw/2018_WO2018172250_raw.xlsx,Sheet1,456
457,CN(C)CC1=C(C=CC=C1)C1=CC=C(S1)C(C)NC1=NC(=NC2=CC=C(C=C12)NC(=O)NC)C,2018,raw/2018_WO2018172250_raw.xlsx,Sheet1,457
458,C(C1=CC=CC=C1)N1C(CN(CC1)C=1C=C2C(=NC(=NC2=CC1)C)NC(C)C=1SC(=CC1)C1=C(C=CC=C1)CN(C)C)=O,2018,raw/2018_WO2018172250_raw.xlsx,Sheet1,458
