compound_key,smiles_canonical,has_structure,iupac_name,inchikey14
,,False,,
,,False,,
AAFQMWHGMANNPJ-UHFFFAOYSA-N,COc1ncnc(C2CC2)c1-c1ncc2cnn(Cc3ccc(-n4nc(CF)cc4OC)nc3)c2n1,True,,AAFQMWHGMANNPJ
AAIBBNSZYUVRDE-UHFFFAOYSA-N,CCn1cc(C(F)(F)F)nc1-c1ccc(Cn2ncc3cnc(-c4c(OC5CC5)ncnc4C4CC4)nc32)cc1,True,,AAIBBNSZYUVRDE
ABTAFIUSRUSWRL-UHFFFAOYSA-N,COc1ncnc(C2CC2)c1-c1ncc2cnn(Cc3ccc(-n4nc(C(F)(F)F)cc4N(C)C)c(F)c3)c2n1,True,,ABTAFIUSRUSWRL
AEDVSBIYGUCSCE-UHFFFAOYSA-N,COc1ncnc(C2CC2)c1-c1ncc2cnn(Cc3ccc(-n4nc(C(F)F)cc4C)cc3)c2n1,True,,AEDVSBIYGUCSCE
ALUWRBHJYJUYJT-UHFFFAOYSA-N,COc1ncnc(C2CC2)c1-c1ncc2nc(C(C)C)n(Cc3ccc(-c4nc(C(F)(F)F)cn4C(C)C)cc3)c2n1,True,,ALUWRBHJYJUYJT
AMFJONKVUPIWMP-AWEZNQCLSA-N,COc1ncnc(C2CC2)c1-c1ncc2c(OC)nn([C@@H](C)c3ccc(-c4nc(C(F)(F)F)cn4C)cc3)c2n1,True,,AMFJONKVUPIWMP
AOBUAGKNSUQYLN-UHFFFAOYSA-N,COc1ncnc(C2CC2)c1-c1ncc2cnn(Cc3ccc(-n4nc(C(F)(F)F)cc4SC)cc3)c2n1,True,,AOBUAGKNSUQYLN
AQVHLKFXCDDKAG-UHFFFAOYSA-N,COc1nccc(C)c1-c1ncc2cnn(Cc3ccc(-c4nc(C(F)(F)F)cn4C)cc3)c2n1,True,,AQVHLKFXCDDKAG
ARCSADQZZAEWCN-ZDUSSCGKSA-N,COc1ncnc(C2CC2)c1-c1ncc2c(Br)nn([C@@H](C)c3ccc(-c4nc(C(F)(F)F)cn4C)cc3)c2n1,True,,ARCSADQZZAEWCN
AUCKNZJJAFIXDM-UHFFFAOYSA-N,Cc1cnn(C(C)C)c1-c1ncc2cnn(Cc3ccc(-n4nc(CF)cc4C)cc3)c2n1,True,,AUCKNZJJAFIXDM
AUXPWAYKTNYZPD-UHFFFAOYSA-N,COc1ncnc(C2CC2)c1-c1ncc2cnn(Cc3ccc(-n4nc(C#N)cc4C)cc3)c2n1,True,,AUXPWAYKTNYZPD
AVKVSVAOVXGGBY-HNNXBMFYSA-N,COc1ncnc(C2CC2)c1-c1ncc2cnn([C@@H](C)c3ccc(-c4nc(CF)cn4C)cc3)c2n1,True,,AVKVSVAOVXGGBY
BEBPTOIEEAIWET-UHFFFAOYSA-N,CCn1cc(C(F)(F)F)nc1-c1ccc(Cn2ncc3cnc(-c4c(OC)ncnc4C4CC4)nc32)cc1F,True,,BEBPTOIEEAIWET
BEGAYXQJZKHHLG-UHFFFAOYSA-N,CC(C)c1ccccc1-c1ncc2cnn(C(C)c3ccc(-c4nc(C(F)(F)F)cn4C)cc3)c2n1,True,,BEGAYXQJZKHHLG
BFFSRIACUDREEY-UHFFFAOYSA-N,COc1ncnc(C2CC2)c1-c1ncc2cnn(Cc3ccc(-c4nc(C(F)F)nn4C)cc3)c2n1,True,,BFFSRIACUDREEY
BHWIIMSGAOVYNV-UHFFFAOYSA-N,COc1ncnc(C2CC2)c1-c1ncc2cnn(Cc3ccc(-n4nc(C(F)(F)F)cc4N(C)C)cc3)c2n1,True,,BHWIIMSGAOVYNV
BKBUECLAFDJPGJ-UHFFFAOYSA-N,CCn1cc(C(F)(F)F)nc1-c1ccc(Cn2ncc3cnc(-c4c(OC)ncnc4C4CC4)nc32)cc1,True,,BKBUECLAFDJPGJ
BNKPEEXTXKSYKD-UHFFFAOYSA-N,Cc1cc(C(F)F)nn1-c1ccc(Cn2ncc3cnc(-c4cccnc4C(C)C)nc32)cc1,True,,BNKPEEXTXKSYKD
BWPGCBBNBCKHQV-UHFFFAOYSA-N,COc1ncnc(C2CC2)c1-c1ncc2nnn(Cc3ccc(-c4nc(C(F)(F)F)cn4C)cc3)c2n1,True,,BWPGCBBNBCKHQV
CAPNQEWPKCFKET-UHFFFAOYSA-N,COc1ncnc(C)c1-c1ncc2cnn(C(C)c3ccc(-n4nc(CF)cc4OC)cc3)c2n1,True,,CAPNQEWPKCFKET
CDQYVSUOYDHIKP-UHFFFAOYSA-N,COc1ncnc(C2CC2)c1-c1ncc2cnn(Cc3ccc(-c4nc(C(F)(F)F)cn4CC(C)F)cc3)c2n1,True,,CDQYVSUOYDHIKP
CHKFLPMUUMOERD-UHFFFAOYSA-N,CCn1cc(CO)nc1-c1ccc(Cn2ncc3cnc(-c4c(OC)ncnc4C4CC4)nc32)cc1,True,,CHKFLPMUUMOERD
CPAYJNJTRKFRMR-UHFFFAOYSA-N,COc1ncnc(C(C)C)c1-c1ncc2cnn(Cc3ccc(-n4nc(C(F)(F)F)cc4C)cc3)c2n1,True,,CPAYJNJTRKFRMR
CWHGZSUMLHKHDE-UHFFFAOYSA-N,CCn1cc(C(F)(F)F)nc1-c1ccc(Cn2ncc3cnc(-c4c(OC)ncnc4OC4CC4)nc32)cc1,True,,CWHGZSUMLHKHDE
CYMCHYIPVKFJQX-UHFFFAOYSA-N,COc1ncnc(C2CC2)c1-c1ncc2c(OC)nn(Cc3ccc(-c4cn(C(C)C)c(C(F)(F)F)n4)cc3)c2n1,True,,CYMCHYIPVKFJQX
DBXJKQLJVGCRKC-UHFFFAOYSA-N,CCn1cc(C(F)(F)F)nc1-c1ccc(Cn2nc(SC)c3cnc(-c4c(OC)ncnc4C4CC4)nc32)cc1,True,,DBXJKQLJVGCRKC
DCCMOFJNOHXIPO-UHFFFAOYSA-N,COc1cccc(C)c1-c1ncc2cnn(Cc3ccc(-c4nc(C(F)(F)F)cn4C)cc3)c2n1,True,,DCCMOFJNOHXIPO
DCFMVSSQOXMKHU-INIZCTEOSA-N,COc1ncnc(C2CC2)c1-c1ncc2c(OC)nn([C@@H](C)c3ccc(-c4nc(C(F)(F)F)cn4C(C)C)cc3)c2n1,True,,DCFMVSSQOXMKHU
DCNJISYUASOTLO-UHFFFAOYSA-N,COc1ncnc(C(C)(C)C)c1-c1ncc2cnn(Cc3ccc(-c4nc(C(F)(F)F)cn4C)cc3)c2n1,True,,DCNJISYUASOTLO
DFSMGCCTHNUYBQ-UHFFFAOYSA-N,COc1ncnc(OC)c1-c1ncc2cnn(Cc3ccc(-c4nc(CF)cn4C)cc3)c2n1,True,,DFSMGCCTHNUYBQ
DGQPRBPCJGWSHT-HNNXBMFYSA-N,COc1cc([C@H](C)n2ncc3cnc(-c4c(OC)ncnc4C4CC4)nc32)ccc1-c1nc(C(F)(F)F)cn1CCF,True,,DGQPRBPCJGWSHT
DLXPJOPWPRISGE-UHFFFAOYSA-N,COc1ncnc(OC)c1-c1ncc2cnn(Cc3ccc(-c4nc(C(F)(F)F)cn4C(C)C)cc3)c2n1,True,,DLXPJOPWPRISGE
DPGDMQBBSZTEHR-UHFFFAOYSA-N,CC(C)c1c(F)cccc1-c1ncc2cnn(Cc3ccc(-c4nc(C(F)(F)F)cn4C)cc3)c2n1,True,,DPGDMQBBSZTEHR
DUOCTTVBRUYEII-UHFFFAOYSA-N,COc1cccc(OC)c1-c1ncc2cnn(Cc3ccc(-c4nc(C(F)(F)F)cn4C)cc3)c2n1,True,,DUOCTTVBRUYEII
DXJJRSUEWTWKRJ-UHFFFAOYSA-N,COc1ncnc(C2CC2)c1-c1ncc2cnn(Cc3ccc(-n4nc(C(F)(F)F)cc4C#N)cc3)c2n1,True,,DXJJRSUEWTWKRJ
DZHLFIJEXQUWBD-UHFFFAOYSA-N,COc1cnn(C2CC2)c1-c1ncc2cnn(Cc3ccc(-c4nc(CF)cn4C)cc3)c2n1,True,,DZHLFIJEXQUWBD
FERYZWTZEOGRIH-UHFFFAOYSA-N,COc1ncnc(C2CC2)c1-c1nc(OC)c2cnn(Cc3ccc(-n4nc(CF)cc4C)cc3)c2n1,True,,FERYZWTZEOGRIH
FIPFCBKTBITBLG-UHFFFAOYSA-N,COc1ncnc(C)c1-c1ncc2cnn(Cc3ccc(-n4nc(CF)cc4OC)cc3)c2n1,True,,FIPFCBKTBITBLG
FLSDQIPPYNHWFO-UHFFFAOYSA-N,COc1ncnc(C2CC2)c1-c1ncc2cnn(Cc3ccc(-n4nc(C(F)(F)F)cc4OC4CNC4)cc3)c2n1,True,,FLSDQIPPYNHWFO
FMWNQDHMOZOIIO-UHFFFAOYSA-N,COc1cc(Cn2ncc3cnc(-c4c(OC)ncnc4C4CC4)nc32)ccc1-c1cn(C)c(C(F)(F)F)n1,True,,FMWNQDHMOZOIIO
FOARZGGJJOLJDX-UHFFFAOYSA-N,CCC(C)n1cc(CF)nc1-c1ccc(Cn2ncc3cnc(-c4c(OC)ncnc4C4CC4)nc32)cc1OC,True,,FOARZGGJJOLJDX
FTHAZIBWYXXYIU-UHFFFAOYSA-N,COc1ncnc(C2CC2)c1-c1ncc2cnn(Cc3ccc(-c4nc(CF)oc4C)cc3)c2n1,True,,FTHAZIBWYXXYIU
FVDJUZKMAQKWIG-UHFFFAOYSA-N,CCn1cc(C#N)nc1-c1ccc(Cn2ncc3cnc(-c4c(OC)ncnc4C4CC4)nc32)cc1,True,,FVDJUZKMAQKWIG
FVIGMOOBKYIEBA-UHFFFAOYSA-N,CCn1c(-c2ccc(Cn3ncc4cnc(-c5c(OC)ncnc5C5CC5)nc43)cc2)nc(C(F)(F)F)c1OC,True,,FVIGMOOBKYIEBA
FYSRIPWTQMCLND-UHFFFAOYSA-N,CNc1cc(C(F)(F)F)nn1-c1ccc(Cn2ncc3cnc(-c4c(OC)ncnc4C4CC4)nc32)cc1,True,,FYSRIPWTQMCLND
FZBMABRWQYHNJM-UHFFFAOYSA-N,CCn1cc(C(F)(F)F)nc1-c1ccc(Cn2nc(C)c3cnc(-c4c(OC)ncnc4C4CC4)nc32)cc1,True,,FZBMABRWQYHNJM
GDOVTUDPBVNFQF-UHFFFAOYSA-N,COc1ncnc(C2CC2)c1-c1ncc2cnn(Cc3ccc(-c4nc(C(F)(F)F)nn4C(C)C)cc3)c2n1,True,,GDOVTUDPBVNFQF
GJVPZSUKSPVZIJ-UHFFFAOYSA-N,COc1ncnc(C2CC2)c1-c1ncc2cnn(Cc3ccc(-c4nc(C(F)(F)F)c5n4CCNC5)cc3)c2n1,True,,GJVPZSUKSPVZIJ
GPYHOTYSJRPLMJ-INIZCTEOSA-N,CCn1cc(C(F)(F)F)nc1-c1ccc([C@H](C)n2ncc3cnc(-c4c(OC)ncnc4C(C)C)nc32)cc1,True,,GPYHOTYSJRPLMJ
GPZFXLKQXSIFRG-UHFFFAOYSA-N,CCOc1ncnc(C2CC2)c1-c1ncc2c(OCC)nn(Cc3ccc(-c4nc(C(F)(F)F)cn4CC)cc3)c2n1,True,,GPZFXLKQXSIFRG
GSHQVGPGDQHVGN-UHFFFAOYSA-N,COc1ncnc(C2CC2)c1-c1ncc2cnn(Cc3ccc(-c4nc(C(F)(F)F)cn4C4CC4)cc3)c2n1,True,,GSHQVGPGDQHVGN
HGYGFVLIGCWADI-UHFFFAOYSA-N,COCCOc1ncnc(C2CC2)c1-c1ncc2cnn(Cc3ccc(-n4nc(C(F)(F)F)cc4C)cc3)c2n1,True,,HGYGFVLIGCWADI
HJXLPHGVVZZXFQ-UHFFFAOYSA-N,Cn1cc(C(F)(F)F)nc1-c1ccc(Cn2ncc3cnc(-c4c(C#N)ncnc4C4CC4)nc32)cc1,True,,HJXLPHGVVZZXFQ
HLIJEGMOHKWJKE-UHFFFAOYSA-N,COc1ncnc(C2CC2)c1-c1ncc2c(n1)N(Cc1ccc(-c3nc(C(F)(F)F)cn3C(C)C)c(F)c1)C(=O)C2,True,,HLIJEGMOHKWJKE
HLTXRSKLFLMGSA-UHFFFAOYSA-N,COc1ncnc(C2(C)CC2)c1-c1ncc2cnn(Cc3ccc(-n4nc(C(F)(F)F)cc4C)cc3)c2n1,True,,HLTXRSKLFLMGSA
HTFXRDSNKRQZHM-UHFFFAOYSA-N,COc1ncnc(C2CCC2)c1-c1ncc2cnn(Cc3ccc(-c4nc(C(F)(F)F)cn4C(C)C)cc3)c2n1,True,,HTFXRDSNKRQZHM
HUNFEDPRJFWDPF-UHFFFAOYSA-N,COc1ncnc(C(C)C)c1-c1ncc2cnn(Cc3ccc(-c4nc(C(F)(F)F)cn4C(C)C)cc3)c2n1,True,,HUNFEDPRJFWDPF
HVZXKMKLAJAGBJ-UHFFFAOYSA-N,CCn1cc(C(F)(F)F)nc1-c1ccc(Cn2ncc3cnc(-c4c(OCc5ccccc5)ncnc4C4CC4)nc32)cc1,True,,HVZXKMKLAJAGBJ
HWTINLSEXSYKBT-UHFFFAOYSA-N,COc1ncnc(C2CC2)c1-c1ncc2nc(C)n(Cc3ccc(-c4nc(C(F)(F)F)cn4C)cc3)c2n1,True,,HWTINLSEXSYKBT
HXGGDMPWYUDBLN-UHFFFAOYSA-N,COc1ncnc(C2CC2)c1-c1ncc2cnn(Cc3ccc(-c4nc([N+](=O)[O-])cn4C(C)C)cc3)c2n1,True,,HXGGDMPWYUDBLN
HXULFKPXXVZFPG-UHFFFAOYSA-N,COc1cn(C(C)C)c(-c2ccc(Cn3ncc4cnc(-c5c(OC)ncnc5C5CC5)nc43)cc2)n1,True,,HXULFKPXXVZFPG
IAZPSCFIYNWHHY-UHFFFAOYSA-N,Cc1cc(C(F)(F)F)nn1-c1ccc(Cn2ncc3cnc(-c4cccnc4C(C)C)nc32)cc1,True,,IAZPSCFIYNWHHY
IBQWRUMCUSDSSZ-UHFFFAOYSA-N,COc1ncnc(C2CC2)c1-c1ncc2cnn(Cc3ccc(-c4nc(C(F)(F)F)c(Br)n4C(C)C)cc3)c2n1,True,,IBQWRUMCUSDSSZ
ICNQWTQOTOSFKR-UHFFFAOYSA-N,COc1ncnc(C2CC2)c1-c1ncc2cnn(Cc3ccc(-c4nc(C(F)(F)F)cn4C4CCC4)cc3)c2n1,True,,ICNQWTQOTOSFKR
IDPLEONMPTUHBO-UHFFFAOYSA-N,CC(C)c1ccccc1-c1ncc2cnn(Cc3ccc(-c4nc(C(F)(F)F)cn4C)cc3)c2n1,True,,IDPLEONMPTUHBO
IIRXZRWPWANNQK-UHFFFAOYSA-N,COc1cc(Cn2ncc3cnc(-c4c(OC)ncnc4C4CC4)nc32)ccc1-n1nc(CF)cc1C,True,,IIRXZRWPWANNQK
ILUFPKQVBKCNBG-UHFFFAOYSA-N,CCn1cc(C(F)(F)F)nc1-c1ccc(Cn2ncc3cnc(-c4c(OC)ncnc4C4CC4)nc32)cn1,True,,ILUFPKQVBKCNBG
IQRJGSCCIBFNOJ-UHFFFAOYSA-N,COc1ncnc(C2CC2)c1-c1ncc2cnn(Cc3ccc(-c4nc(C(F)(F)F)cn4C4CN(C)C4)cc3)c2n1,True,,IQRJGSCCIBFNOJ
IRZTYERNAICCKN-UHFFFAOYSA-N,COc1ncnc(C2CC2)c1-c1ncc2cnn(Cc3ccc(-n4nc(CF)cc4C(C)C)cc3)c2n1,True,,IRZTYERNAICCKN
ISPOHKLXYDRZHF-UHFFFAOYSA-N,COc1ncnc(C2CC2)c1-c1ncc2cnn(Cc3ccc(-c4nc(C(F)(F)F)c(Br)n4C)cc3)c2n1,True,,ISPOHKLXYDRZHF
IUZXQHLGSZGDFE-UHFFFAOYSA-N,COc1ncnc(C)c1-c1ncc2cnn(Cc3ccc(-n4nc(C(F)(F)F)cc4C)cc3)c2n1,True,,IUZXQHLGSZGDFE
JBKCUYPEAHHDNG-UHFFFAOYSA-N,COCCOc1ncnc(C)c1-c1ncc2cnn(Cc3ccc(-n4nc(C(F)(F)F)cc4C)cc3)c2n1,True,,JBKCUYPEAHHDNG
JBKRWBWZDCSHSL-UHFFFAOYSA-N,COc1nc(C)c(-c2ncc3cnn(Cc4ccc(-c5nc(CF)cn5C)cc4)c3n2)c(OC)n1,True,,JBKRWBWZDCSHSL
JMKKUXKKEJAVBV-UHFFFAOYSA-N,CCn1cc(C(F)(F)F)nc1-c1ccc(Cn2ncc3cnc(-c4c(OC(F)F)ncnc4C4CC4)nc32)cc1,True,,JMKKUXKKEJAVBV
JONIDBUADRBVHS-UHFFFAOYSA-N,CSc1ncnc(C)c1-c1ncc2cnn(Cc3ccc(-n4nc(C(F)(F)F)cc4C)cc3)c2n1,True,,JONIDBUADRBVHS
JSPJEMZJOMRSQH-UHFFFAOYSA-N,COc1ncnc(C2CC2)c1-c1ncc2nc(C3CC3)n(Cc3ccc(-n4nc(C(F)(F)F)cc4C)cc3)c2n1,True,,JSPJEMZJOMRSQH
JTEVXZDTWGYGNG-UHFFFAOYSA-N,COc1nc(N)nc(C2CC2)c1-c1ncc2cnn(Cc3ccc(-n4nc(CF)cc4C)cc3)c2n1,True,,JTEVXZDTWGYGNG
JVHSISVMEJUYNE-UHFFFAOYSA-N,COc1ncnc(C2CC2)c1-c1nc(N(C)C)c2cnn(Cc3ccc(-c4nc(C(F)(F)F)cn4C(C)C)cc3)c2n1,True,,JVHSISVMEJUYNE
JXIOOJUJFYDHRE-UHFFFAOYSA-N,COc1ncnc(C2CC2(C)C)c1-c1ncc2cnn(Cc3ccc(-c4nc(C(F)(F)F)cn4C(C)C)cc3)c2n1,True,,JXIOOJUJFYDHRE
JXUPFJHNEKBYRV-UHFFFAOYSA-N,CCn1cc(CF)nc1-c1ccc(Cn2ncc3cnc(-c4c(OC)cnn4C4CCC4)nc32)cc1,True,,JXUPFJHNEKBYRV
JZOZNJGAXJAVGU-UHFFFAOYSA-N,CC(C)n1cc(C(F)(F)F)nc1-c1ccc(Cn2ncc3cnc(-c4c(OC(F)F)ncnc4C4CC4)nc32)cc1,True,,JZOZNJGAXJAVGU
KCBWAFJCKVKYHO-UHFFFAOYSA-N,COc1ncnc(C2CC2)c1-c1ncc2cnn(Cc3ccc(-c4nc(C(F)(F)F)cn4C(C)C)cc3)c2n1,True,,KCBWAFJCKVKYHO
KEINMHRKVDSFCJ-UHFFFAOYSA-N,COc1ncnc(C)c1-c1ncc2cnn(Cc3ccc(-c4nc(C(F)(F)F)cn4C)cc3)c2n1,True,,KEINMHRKVDSFCJ
KEZQIUZOTIYDOM-AWEZNQCLSA-N,CCn1cc(C(F)(F)F)nc1-c1ccc([C@H](C)n2ncc3cnc(-c4c(OC)ncnc4OC)nc32)cc1,True,,KEZQIUZOTIYDOM
KEZQIUZOTIYDOM-CQSZACIVSA-N,CCn1cc(C(F)(F)F)nc1-c1ccc([C@@H](C)n2ncc3cnc(-c4c(OC)ncnc4OC)nc32)cc1,True,,KEZQIUZOTIYDOM
KKBXTJKIBDRCGJ-UHFFFAOYSA-N,COc1nc(C)nc(C2CC2)c1-c1ncc2cnn(Cc3ccc(-c4nc(C(F)(F)F)cn4C)cc3)c2n1,True,,KKBXTJKIBDRCGJ
KKPXGBQBSYFCEI-UHFFFAOYSA-N,CCn1cc(C(F)F)nc1-c1ccc(Cn2ncc3cnc(-c4c(OC)ncnc4C4CC4)nc32)cc1,True,,KKPXGBQBSYFCEI
KKWUJLRRVDYGJT-UHFFFAOYSA-N,COc1cccc(C2CC2)c1-c1ncc2cnn(Cc3ccc(-c4nc(C(F)(F)F)cn4C)cc3)c2n1,True,,KKWUJLRRVDYGJT
KOHZVKWRFKCARY-UHFFFAOYSA-N,COc1ncnc(C2CC2)c1-c1ncc2cnn(Cc3ccc(-n4nc(CF)cc4-c4ccco4)cc3)c2n1,True,,KOHZVKWRFKCARY
KOSMSSACBFDIQG-HNNXBMFYSA-N,COc1ncnc(C2CC2)c1-c1ncc2cnn([C@@H](C)c3ccc(-c4nc(C(F)(F)F)cn4CCF)cc3)c2n1,True,,KOSMSSACBFDIQG
KOSMSSACBFDIQG-UHFFFAOYSA-N,COc1ncnc(C2CC2)c1-c1ncc2cnn(C(C)c3ccc(-c4nc(C(F)(F)F)cn4CCF)cc3)c2n1,True,,KOSMSSACBFDIQG
KPJVZGDUCSHZQM-UHFFFAOYSA-N,COc1ncnc(C2CC2)c1-c1ncc2nc(C)n(Cc3ccc(-n4nc(C(F)(F)F)cc4C)cc3)c2n1,True,,KPJVZGDUCSHZQM
KTCDCWKVKTYLED-UHFFFAOYSA-N,Cc1nc(-c2ccccc2C(C)C)nc2c1cnn2Cc1ccc(-c2nc(C(F)(F)F)cn2C)cc1,True,,KTCDCWKVKTYLED
KUTRDDUYCMVCJO-UHFFFAOYSA-N,COc1ncnc(C2CC2)c1-c1ncc2cnn(Cc3ccc(-c4nc(C(F)(F)F)cn4C(C)CF)cc3)c2n1,True,,KUTRDDUYCMVCJO
KVMCQYGIKNCIHC-UHFFFAOYSA-N,COc1ncnc(C2CC2)c1-c1ncc2cnn(Cc3ccc(-c4nc(C(F)(F)F)nn4C)c(F)c3)c2n1,True,,KVMCQYGIKNCIHC
KZMVFYQAAXVGDW-UHFFFAOYSA-N,COc1ccccc1-c1ncc2cnn(Cc3ccc(-c4nc(C(F)(F)F)cn4C)cc3)c2n1,True,,KZMVFYQAAXVGDW
LCBZXLZFJONFLB-UHFFFAOYSA-N,Cc1cc(C(F)(F)F)nn1-c1ccc(Cn2ncc3cnc(-c4cccnc4C#N)nc32)cc1,True,,LCBZXLZFJONFLB
LGJJAYQIBAZQCX-UHFFFAOYSA-N,COc1ncnc(C2CC2)c1-c1ncc2cnn(Cc3ccc(-c4nccc(C(F)(F)F)n4)cc3)c2n1,True,,LGJJAYQIBAZQCX
LMFLXLWYDZANBK-UHFFFAOYSA-N,CCOc1nn(Cc2ccc(-c3nc(C(F)(F)F)cn3CC)cc2)c2nc(-c3c(OC)ncnc3C3CC3)ncc12,True,,LMFLXLWYDZANBK
LNCHUZPVCVBBAB-KRWDZBQOSA-N,COc1ncnc(C2CC2)c1-c1ncc2cnn([C@@H](C)c3ccc(-c4nc(CF)cn4C(C)C)cc3)c2n1,True,,LNCHUZPVCVBBAB
LNCHUZPVCVBBAB-QGZVFWFLSA-N,COc1ncnc(C2CC2)c1-c1ncc2cnn([C@H](C)c3ccc(-c4nc(CF)cn4C(C)C)cc3)c2n1,True,,LNCHUZPVCVBBAB
LQZLSDDLURXUJR-UHFFFAOYSA-N,CCn1c(-c2ccc(Cn3nc(OC)c4cnc(-c5c(OC)ncnc5C5CC5)nc43)cc2)nc(C(F)(F)F)c1Br,True,,LQZLSDDLURXUJR
LXLOGIXSRZBXMU-UHFFFAOYSA-N,COc1ncnc(C2CC2)c1-c1ncc2cnn(Cc3ccc(-c4nc(C(F)(F)F)cn4C4COC4)cc3)c2n1,True,,LXLOGIXSRZBXMU
MEGSCPLNHQHKHM-UHFFFAOYSA-N,CCc1nc2cnc(-c3c(OC)ncnc3C3CC3)nc2n1Cc1ccc(-c2nc(C(F)(F)F)cn2C(C)C)cc1,True,,MEGSCPLNHQHKHM
MHFQUKFNVXISBF-UHFFFAOYSA-N,COc1ncnc(C2CC2)c1-c1ncc2cnn(Cc3ccc(-c4cn(C(C)C)c(C(F)(F)F)n4)cc3)c2n1,True,,MHFQUKFNVXISBF
MKENUEORKLXTRM-UHFFFAOYSA-N,COc1ncnc(C2CC2)c1-c1ncc2cnn(Cc3ccc(-c4nc(C(F)(F)F)cn4CC(F)F)cc3)c2n1,True,,MKENUEORKLXTRM
MNNCAAVSUMLNQO-UHFFFAOYSA-N,COc1ncnc(C2CC2)c1-c1ncc2cnn(Cc3ccc(-n4nc(CF)cc4C)cc3)c2n1,True,,MNNCAAVSUMLNQO
MOGKCHHZWMLPOC-UHFFFAOYSA-N,COc1ncnc(C2CC2)c1-c1ncc2cnn(Cc3ccc(-c4nc(C(F)F)n(C)n4)cc3)c2n1,True,,MOGKCHHZWMLPOC
MRCUJCABLSXMGR-UHFFFAOYSA-N,COc1ncnc(C2CC2)c1-c1ncc2cnn(Cc3ccc(-c4nc(C(F)(F)F)nn4C)cc3)c2n1,True,,MRCUJCABLSXMGR
NDGGFKQIJMZBQX-HNNXBMFYSA-N,CCn1cc(C(F)(F)F)nc1-c1ccc([C@H](C)n2ncc3cnc(-c4c(OC)ncnc4C4CC4)nc32)cc1,True,,NDGGFKQIJMZBQX
NGMUMRCELIKFGN-CQSZACIVSA-N,COc1ncnc(C2CC2)c1-c1ncc2cnn([C@H](C)c3ccc(-c4nc(C(F)(F)F)cn4C)cc3)c2n1,True,,NGMUMRCELIKFGN
NKSBTMFDBKJPOS-UHFFFAOYSA-N,CCS(=O)(=O)c1ccccc1-c1ncc2cnn(Cc3ccc(-c4nc(C(F)(F)F)cn4C)cc3)c2n1,True,,NKSBTMFDBKJPOS
NLJAVKBNQAZZRV-UHFFFAOYSA-N,COc1ncnc(C2CC2)c1-c1ncc2cnn(Cc3ccc(-c4nc(C(F)(F)F)cn4CS(C)(=O)=O)cc3)c2n1,True,,NLJAVKBNQAZZRV
NNOCTAQSTNGLQT-UHFFFAOYSA-N,CCn1cc(C(F)(F)F)nc1-c1ccc(Cn2nc(C#N)c3cnc(-c4c(OC)ncnc4C4CC4)nc32)cc1,True,,NNOCTAQSTNGLQT
NTYVSFJWWCEJAZ-UHFFFAOYSA-N,COc1ncnc(C2CC2)c1-c1ncc2c(Br)cn(Cc3ccc(-c4nc(C(F)(F)F)cn4C(C)C)c(F)c3)c2n1,True,,NTYVSFJWWCEJAZ
NWSSBTWYBORKIS-UHFFFAOYSA-N,CCn1cc(CF)nc1-c1ccc(Cn2ncc3cnc(-c4c(OC)ncnc4C4CC4)nc32)cc1OC,True,,NWSSBTWYBORKIS
NWUBFUWVUWCFRR-UHFFFAOYSA-N,CCn1cc(C(F)(F)F)nc1-c1ccc(Cn2ncc3cnc(-c4c(OC(C)(C)C)ncnc4C4CC4)nc32)cc1,True,,NWUBFUWVUWCFRR
NXKGJDXSEDBYFQ-UHFFFAOYSA-N,COc1ncnc(C2CCC2)c1-c1ncc2cnn(Cc3ccc(-c4nc(C(F)(F)F)cn4C)cc3)c2n1,True,,NXKGJDXSEDBYFQ
OCKWXCMKXXLQSF-UHFFFAOYSA-N,COc1ncnc(C2CC2)c1-c1ncc2cnn(Cc3ccc(-n4nc(C(F)F)cc4N(C)C)cc3)c2n1,True,,OCKWXCMKXXLQSF
OEEDLWZPIOWQFY-UHFFFAOYSA-N,COc1ncnc(C2CC2)c1-c1ncc2cnn(Cc3ccc(-n4nc(C#N)cc4OC)cc3)c2n1,True,,OEEDLWZPIOWQFY
OEMIXWMYUUSHOQ-HNNXBMFYSA-N,COc1ncnc(C2CC2)c1-c1ncc2c(OC)nn([C@@H](C)c3ccc(-c4nc(C(F)(F)F)cn4CCF)cc3)c2n1,True,,OEMIXWMYUUSHOQ
OEMIXWMYUUSHOQ-UHFFFAOYSA-N,COc1ncnc(C2CC2)c1-c1ncc2c(OC)nn(C(C)c3ccc(-c4nc(C(F)(F)F)cn4CCF)cc3)c2n1,True,,OEMIXWMYUUSHOQ
OLSYJTUCWDEPFA-HNNXBMFYSA-N,CCn1cc(C(F)(F)F)nc1-c1ccc([C@H](C)n2nc(OC)c3cnc(-c4c(OC)ncnc4C4CC4)nc32)cc1,True,,OLSYJTUCWDEPFA
OODYYBKJNUANOW-UHFFFAOYSA-N,CNc1ncnc(C2CC2)c1-c1ncc2cnn(Cc3ccc(-c4nc(C(F)(F)F)cn4C)cc3)c2n1,True,,OODYYBKJNUANOW
OQFIZSFHPDEKEF-UHFFFAOYSA-N,COc1cnccc1-c1ncc2cnn(Cc3ccc(-c4nc(C(F)(F)F)cn4C)cc3)c2n1,True,,OQFIZSFHPDEKEF
OUVIVWKOUQKVEE-UHFFFAOYSA-N,COc1ncnc(C2CC2)c1-c1ncc2cnn(Cc3ccc(-c4nc(C(F)(F)F)cn4C(C)CO)cc3)c2n1,True,,OUVIVWKOUQKVEE
OXGLKUUMMFAEDP-UHFFFAOYSA-N,COc1ncnc(C2CC2)c1-c1ncc2cnn(Cc3ccc(-c4nc(C#N)cn4C(C)C)cc3)c2n1,True,,OXGLKUUMMFAEDP
PEWBUWUSJSTISN-UHFFFAOYSA-N,CCOc1ncnc(OC)c1-c1ncc2cnn(Cc3ccc(-c4nc(C(F)(F)F)cn4CC)cc3)c2n1,True,,PEWBUWUSJSTISN
PISKIGDUHOIXAC-UHFFFAOYSA-N,CCn1cc(C(F)(F)F)nc1-c1ccc(Cn2nc(N3CCC3)c3cnc(-c4c(OC)ncnc4C4CC4)nc32)cc1,True,,PISKIGDUHOIXAC
PIXLLDKYXGBCBR-UHFFFAOYSA-N,Cc1cc(C(F)(F)F)nn1-c1ccc(Cn2ncc3cnc(-c4ccccc4C(C)C)nc32)cc1,True,,PIXLLDKYXGBCBR
PJSFZPLXWSOFRE-UHFFFAOYSA-N,Cn1cc(C(F)(F)F)nc1-c1ccc(Cn2ncc3cnc(-c4c(C5CC5)ncnc4N4CCCC4)nc32)cc1,True,,PJSFZPLXWSOFRE
PQMBMZRJUFSKJW-UHFFFAOYSA-N,COc1ncnc(C2CC2)c1-c1ncc2ccn(Cc3ccc(-c4nc(C(F)(F)F)cn4C)cc3)c2n1,True,,PQMBMZRJUFSKJW
PRBHPBIFZYCGLP-UHFFFAOYSA-N,COc1ncnc(C2CC2)c1-c1ncc2ncn(Cc3ccc(-c4nc(C(F)(F)F)cn4C)cc3)c2n1,True,,PRBHPBIFZYCGLP
PVMLMBZHJPOSHL-UHFFFAOYSA-N,COc1ncnc(C2CC2)c1-c1ncc2cnn(Cc3ccc(-c4nc(C(F)(F)F)cn4C)cc3)c2n1,True,,PVMLMBZHJPOSHL
PXTATGUUDUEXNF-UHFFFAOYSA-N,CCOc1ncnc(C2CC2)c1-c1ncc2cnn(Cc3ccc(-c4nc(CF)cn4C)cc3)c2n1,True,,PXTATGUUDUEXNF
QBPMDODSBGYCMG-UHFFFAOYSA-N,CCn1cc(C(F)(F)F)nc1-c1ccc(Cn2nc(OC)c3cnc(-c4c(OC)ncnc4C4CC4)nc32)cc1F,True,,QBPMDODSBGYCMG
QCLBBCRNZYNOCQ-UHFFFAOYSA-N,CC(C)c1ncccc1-c1ncc2cnn(Cc3ccc(-c4nc(C(F)(F)F)cn4C)cc3)c2n1,True,,QCLBBCRNZYNOCQ
QEAWKCSUJVLVSZ-UHFFFAOYSA-N,COc1cnn(C2CC2)c1-c1ncc2cnn(Cc3ccc(-c4nc(C(F)(F)F)cn4C)cc3)c2n1,True,,QEAWKCSUJVLVSZ
QOEXRPHTOKXHFV-UHFFFAOYSA-N,CCn1cc(C(F)(F)F)nc1-c1ccc(Cn2nc(SCc3ccc(OC)cc3)c3cnc(-c4c(OC)ncnc4C4CC4)nc32)cc1,True,,QOEXRPHTOKXHFV
QQDKCLJZKBPMMA-UHFFFAOYSA-N,CCn1cc(C(F)(F)F)nc1-c1ccc(Cn2ncc3cnc(-c4c(OC)ncnc4C4CNC4)nc32)cc1,True,,QQDKCLJZKBPMMA
QQZRDNDRHJSXEW-HNNXBMFYSA-N,CCn1cc(C(F)(F)F)nc1-c1ccc([C@H](C)n2ncc3cnc(-c4c(OC)ncnc4C(C)C)nc32)cc1F,True,,QQZRDNDRHJSXEW
QQZRDNDRHJSXEW-UHFFFAOYSA-N,CCn1cc(C(F)(F)F)nc1-c1ccc(C(C)n2ncc3cnc(-c4c(OC)ncnc4C(C)C)nc32)cc1F,True,,QQZRDNDRHJSXEW
QRQNSLLIPRBKMJ-UHFFFAOYSA-N,COCc1nc2cnc(-c3c(OC)ncnc3C3CC3)nc2n1Cc1ccc(-c2nc(C(F)(F)F)cn2C(C)C)cc1,True,,QRQNSLLIPRBKMJ
QUPLOCSTLZVUIE-UHFFFAOYSA-N,CCn1cc(C(F)(F)F)nc1-c1ccc(Cn2nc(OC)c3cnc(-c4c(OC)ncnc4C4CC4)nc32)cc1,True,,QUPLOCSTLZVUIE
RCYYAOREUGOIJI-UHFFFAOYSA-N,COCC(C)n1cc(C(F)(F)F)nc1-c1ccc(Cn2ncc3cnc(-c4c(OC)ncnc4C4CC4)nc32)cc1,True,,RCYYAOREUGOIJI
RDSDAMUHQSAVAO-UHFFFAOYSA-N,CCn1cc(C(F)(F)F)nc1-c1ccc(Cn2ncc3cnc(-c4c(OC5CCC5)ncnc4C4CC4)nc32)cc1,True,,RDSDAMUHQSAVAO
RIGNJEKHIMHSQQ-UHFFFAOYSA-N,COc1ncnc(C2CC2)c1-c1ncc2cnn(Cc3ccc(-c4nc(C(F)(F)F)cn4C4CCOC4)cc3)c2n1,True,,RIGNJEKHIMHSQQ
RMSLEFPICSCEAL-UHFFFAOYSA-N,Cn1cc(C(F)(F)F)nc1-c1ccc(Cn2ncc3cnc(-c4ccccc4S(C)(=O)=O)nc32)cc1,True,,RMSLEFPICSCEAL
RPCRUPSIGDDPIB-UHFFFAOYSA-N,COc1ncnc(C2CC2)c1-c1ncc2cnn(Cc3ccc(-c4cn(C)c(C(F)(F)F)n4)cc3)c2n1,True,,RPCRUPSIGDDPIB
RRNYYVHPYXNLDO-UHFFFAOYSA-N,COc1ncnc(C2CC2)c1-c1ncc2cnn(Cc3ccc(-c4nc(C(F)(F)F)cn4C)c(F)c3)c2n1,True,,RRNYYVHPYXNLDO
SAFCSFJFBPHCSN-UHFFFAOYSA-N,CCn1cc(CF)nc1-c1ccc(Cn2ncc3cnc(-c4c(OC)cnn4C4CC4)nc32)cc1,True,,SAFCSFJFBPHCSN
SBQMJJKUAWUJSQ-UHFFFAOYSA-N,COc1ncnc(C2CC2)c1-c1ncc2nc(C(C)C)n(Cc3ccc(-n4nc(C(F)(F)F)cc4C)cc3)c2n1,True,,SBQMJJKUAWUJSQ
SMI:8b67ad280f582216ad2d4d477e02b3c4ed057cfb,*C(*)(*)C(*)(n1cc(C(F)(F)F)nc1-c1ccc(Cn2ncc3cnc(-c4c(OC)ncnc4C4CC4)nc32)cc1)C(*)(*)*,True,,
SMI:9d68640fb9d776bcd510beb49428eef84c9bfa4c,*C(*)(*)C(*)(*)n1cc(C(F)(F)F)nc1-c1ccc(Cn2ncc3cnc(-c4c(OC)ncnc4C4CC4)nc32)cc1,True,,
SMI:abf767600f262fa45787a0fc1cc9ca56e1e62b28,*n1cc(C(F)(F)F)nc1-c1ccc(Cn2ncc3cnc(-c4c(OC)ncnc4C4CC4)nc32)cc1,True,,
SOXZHXLUTIGERE-ZDUSSCGKSA-N,COc1ncnc(C2CC2)c1-c1ncc2c(OC)nn([C@@H](C)c3ccc(-c4nc(C(F)(F)F)c(Br)n4C)cc3)c2n1,True,,SOXZHXLUTIGERE
SRBWWXBOHCTTNU-UHFFFAOYSA-N,CSc1cccc(C)c1-c1ncc2cnn(Cc3ccc(-c4nc(C(F)(F)F)cn4C)cc3)c2n1,True,,SRBWWXBOHCTTNU
SRMRUXUPHPNWSE-UHFFFAOYSA-N,COc1ncnc(C2CC2)c1-c1ncc2ncn(Cc3ccc(-c4nc(C(F)(F)F)cn4C(C)C)cc3)c2n1,True,,SRMRUXUPHPNWSE
STFQWLOAUNAWMP-UHFFFAOYSA-N,CC(C)c1ccccc1-c1ncc2ncn(Cc3ccc(-c4nc(C(F)(F)F)cn4C)cc3)c2n1,True,,STFQWLOAUNAWMP
SUNYAOMERMEWNV-UHFFFAOYSA-N,CCn1cc(CF)nc1-c1ccc(Cn2ncc3cnc(-c4c(OCCF)ncnc4C4CC4)nc32)cc1,True,,SUNYAOMERMEWNV
SXSKVTJTESGSGU-UHFFFAOYSA-N,CCOc1ncnc(OCC)c1-c1ncc2cnn(Cc3ccc(-c4nc(C(F)(F)F)cn4CC)cc3)c2n1,True,,SXSKVTJTESGSGU
SYAAFANLBVBVJW-UHFFFAOYSA-N,CCn1cc(C(F)(F)F)nc1-c1ccc(Cn2ncc3c(OC)nc(-c4c(OC)ncnc4C4CC4)nc32)cc1,True,,SYAAFANLBVBVJW
SZEYHOYYLMSZOC-UHFFFAOYSA-N,COc1ncnc(C2CC2)c1-c1ncc2cnn(Cc3ccc(-c4nc(CF)sc4C)cc3)c2n1,True,,SZEYHOYYLMSZOC
SZYBOXMRKRFJRH-UHFFFAOYSA-N,Cn1cc(C(F)(F)F)nc1-c1ccc(Cn2ncc3cnc(-c4c(OC5CCOC5)ncnc4C4CC4)nc32)cc1,True,,SZYBOXMRKRFJRH
TULKNAPQKNDRSP-AWEZNQCLSA-N,CCn1cc(C(F)(F)F)nc1-c1ccc([C@H](C)n2ncc3cnc(-c4c(OC)ncnc4C4CC4)nc32)cc1F,True,,TULKNAPQKNDRSP
TYCALOZFRDAUAZ-UHFFFAOYSA-N,COc1ncnc(C2CC2)c1-c1ncc2cnn(Cc3ccc(-c4nc(C(F)(F)F)cn4CCF)cc3)c2n1,True,,TYCALOZFRDAUAZ
UMUDHEQFGSXNCF-UHFFFAOYSA-N,COc1ncnc(C2CC2)c1-c1ncc2cnn(Cc3ccc(-c4csc(CF)n4)cc3)c2n1,True,,UMUDHEQFGSXNCF
UOUIETJBXJQTEY-UHFFFAOYSA-N,CCn1cc(CF)nc1-c1ccc(Cn2ncc3cnc(-c4c(OC)ncnc4C4CN(C)C4)nc32)cc1,True,,UOUIETJBXJQTEY
UQSHAEDEPRIDPU-UHFFFAOYSA-N,CCn1cc(C(F)(F)F)nc1-c1ccc(Cn2ncc3c(C)nc(-c4c(OC)ncnc4C4CC4)nc32)cc1,True,,UQSHAEDEPRIDPU
UQWBUGYPVAFTGJ-UHFFFAOYSA-N,Cc1nn(Cc2ccc(-c3nc(C(F)(F)F)cn3C)cc2)c2nc(-c3ccccc3C(C)C)ncc12,True,,UQWBUGYPVAFTGJ
UUEYBFYKBHOZKY-MRXNPFEDSA-N,CCn1cc(CF)nc1-c1ccc([C@@H](C)n2ncc3cnc(-c4c(OC)ncnc4C4CC4)nc32)cc1,True,,UUEYBFYKBHOZKY
UVQUQCUJRMCVGV-UHFFFAOYSA-N,COc1ncnc(C2CC2)c1-c1ncc2cnn(Cc3ccc(-c4nc(C(F)(F)F)cn4C(C)C)c(F)c3)c2n1,True,,UVQUQCUJRMCVGV
UYUKCJVNNHRTSU-UHFFFAOYSA-N,Cc1ncnc(C(C)C)c1-c1ncc2cnn(Cc3ccc(-n4nc(C(F)(F)F)cc4C)cc3)c2n1,True,,UYUKCJVNNHRTSU
VDROLSXHSRYNBI-KRWDZBQOSA-N,CCn1cc(CF)nc1-c1ccc([C@H](C)n2ncc3cnc(-c4c(OC)ncnc4C4CCC4)nc32)cc1,True,,VDROLSXHSRYNBI
VDROLSXHSRYNBI-QGZVFWFLSA-N,CCn1cc(CF)nc1-c1ccc([C@@H](C)n2ncc3cnc(-c4c(OC)ncnc4C4CCC4)nc32)cc1,True,,VDROLSXHSRYNBI
VEYYRVAZRSFSED-UHFFFAOYSA-N,CCn1cc(CF)nc1-c1ccc(Cn2ncc3cnc(-c4c(C5CC5)cnn4CC)nc32)cc1,True,,VEYYRVAZRSFSED
VHOLKIXVGMPPMB-UHFFFAOYSA-N,COc1ncnc(C2CC2)c1-c1ncc2cnn(Cc3ccc(-c4nc5c(F)cccc5n4C)cc3)c2n1,True,,VHOLKIXVGMPPMB
VHQBOPVOIFKMLY-UHFFFAOYSA-N,COc1ncnc(C2CC2)c1-c1ncc2cnn(Cc3ccc(-n4nc(C(F)(F)F)cc4OC)cc3)c2n1,True,,VHQBOPVOIFKMLY
VPMSTXXQZXERTK-UHFFFAOYSA-N,COc1ncnc(C2CC2)c1-c1ncc2cnn(Cc3ccc(-c4nc(C(F)(F)F)cn4CC(=O)N(C)C)cc3)c2n1,True,,VPMSTXXQZXERTK
VQRHBRGAPZPEPJ-UHFFFAOYSA-N,COc1ncnc(C2CC2)c1-c1ncc2cnn(Cc3ccc(-c4nc(CF)n(C)n4)cc3)c2n1,True,,VQRHBRGAPZPEPJ
VWKBGLKUGWHFEK-UHFFFAOYSA-N,COc1ncnc(C2CC2)c1-c1ncc2cnn(Cc3ccc(-c4nc(C(F)(F)F)cn4C)cc3F)c2n1,True,,VWKBGLKUGWHFEK
WDSALIPCQIFECK-UHFFFAOYSA-N,Cc1cc(C(F)(F)F)nn1-c1ccc(Cn2ncc3cnc(-c4c(C5CC5)ncnc4N(C)C)nc32)cc1,True,,WDSALIPCQIFECK
WHAPCTFRPKXXLG-UHFFFAOYSA-N,CCn1cc(C(F)(F)F)nc1-c1ccc(Cn2nc(Br)c3cnc(-c4c(OC)ncnc4C4CC4)nc32)cc1,True,,WHAPCTFRPKXXLG
WKJGAMFPLUZGEA-UHFFFAOYSA-N,COc1ncnc(C2CC2)c1-c1ncc2cnn(Cc3ccc(-c4nc(OC)n(C)n4)cc3)c2n1,True,,WKJGAMFPLUZGEA
WSCQPJZYSLYCAV-UHFFFAOYSA-N,CCn1c(-c2ccc(Cn3ncc4cnc(-c5c(OC)ncnc5C5CC5)nc43)cc2)nc(C(F)(F)F)c1C,True,,WSCQPJZYSLYCAV
WYEDGZRIDAOUKL-UHFFFAOYSA-N,COCCOc1ncnc(C2CC2)c1-c1ncc2cnn(Cc3ccc(-c4nc(F)cn4C)cc3)c2n1,True,,WYEDGZRIDAOUKL
XDCMVNMUKQLSCJ-UHFFFAOYSA-N,Cn1cc(C(F)(F)F)nc1-c1ccc(Cn2ncc3cnc(-c4c(C5CC5)ncnc4N4CCC4)nc32)cc1,True,,XDCMVNMUKQLSCJ
XEKNEIAHPFCDQL-UHFFFAOYSA-N,COc1cnn(C2CC2)c1-c1ncc2cnn(Cc3ccc(-c4nc(CF)cn4C(C)C)cc3)c2n1,True,,XEKNEIAHPFCDQL
XGODZZVRVMSFIJ-UHFFFAOYSA-N,COc1ncnc(C2CC2)c1-c1ncc2cnn(Cc3ccc(-c4nc(C(F)(F)F)c(OC)n4C(C)C)cc3)c2n1,True,,XGODZZVRVMSFIJ
XHGLEJJTCMEPRR-UHFFFAOYSA-N,COc1cc(Cn2ncc3cnc(-c4c(OC)ncnc4C4CC4)nc32)ccc1-c1nc(CF)cn1CCF,True,,XHGLEJJTCMEPRR
XHXLJCLWLWDTNJ-UHFFFAOYSA-N,CC(C)c1ccccc1-c1ncc2cnn(Cc3ccc(-c4nc(C(F)(F)F)cn4C4CN(C)C4)cc3)c2n1,True,,XHXLJCLWLWDTNJ
XIOAOHPEQUWEFB-NRFANRHFSA-N,COc1ncnc(C2CC2)c1-c1ncc2cnn([C@H]3CCc4cc(-c5nc(C(F)(F)F)cn5C(C)C)ccc43)c2n1,True,,XIOAOHPEQUWEFB
XIOAOHPEQUWEFB-OAQYLSRUSA-N,COc1ncnc(C2CC2)c1-c1ncc2cnn([C@@H]3CCc4cc(-c5nc(C(F)(F)F)cn5C(C)C)ccc43)c2n1,True,,XIOAOHPEQUWEFB
XNWCHVJRUUBGJQ-UHFFFAOYSA-N,Cn1cc(CF)nc1-c1ccc(Cn2ncc3cnc(-c4c(OCc5ccccc5)ncnc4C4CC4)nc32)cc1,True,,XNWCHVJRUUBGJQ
XOBRYWXIGWIIEJ-UHFFFAOYSA-N,COCCOc1cc(CF)nn1-c1ccc(Cn2ncc3cnc(-c4c(OC)ncnc4C4CC4)nc32)cc1,True,,XOBRYWXIGWIIEJ
XOVGSSZCATVKBU-UHFFFAOYSA-N,COc1ncnc(C2CC2)c1-c1ncc2cnn(Cc3ccc(-n4nc(C(F)(F)F)cc4CO)cc3)c2n1,True,,XOVGSSZCATVKBU
XTYNRIBNOJZXHU-UHFFFAOYSA-N,COc1ncnc(C2CC2)c1-c1ncc2nc(C3CCC3)n(Cc3ccc(-n4nc(C(F)(F)F)cc4C)cc3)c2n1,True,,XTYNRIBNOJZXHU
XXPMZVYYPVJDMB-UHFFFAOYSA-N,COc1ncnc(C2CC2)c1-c1ncc2cnn(Cc3ccc(-n4nc(CF)cc4OCCO)cc3)c2n1,True,,XXPMZVYYPVJDMB
XYZZZIVUQYUIDD-UHFFFAOYSA-N,CCc1nc2cnc(-c3c(OC)ncnc3C3CC3)nc2n1Cc1ccc(-n2nc(C(F)(F)F)cc2C)cc1,True,,XYZZZIVUQYUIDD
YAJIEHXBHXKGEW-UHFFFAOYSA-N,COc1ncnc(C2CC2)c1-c1ncc2cnn(Cc3ccc(-c4nc(N)cn4C(C)C)cc3)c2n1,True,,YAJIEHXBHXKGEW
YAVFTBQUTVNCIV-UHFFFAOYSA-N,COc1ncnc(C2CC2)c1-c1ncc2cnn(Cc3ccc(-c4nc(C(F)F)cn4C(C)C)cc3)c2n1,True,,YAVFTBQUTVNCIV
YCMJPPFKAQPOTP-UHFFFAOYSA-N,CC(C)Oc1ncnc(C2CC2)c1-c1ncc2cnn(Cc3ccc(-c4nc(C(F)(F)F)cn4C)cc3)c2n1,True,,YCMJPPFKAQPOTP
YDVAVSAAGNGKTO-UHFFFAOYSA-N,COc1ncnc(C(C)(C)F)c1-c1ncc2cnn(Cc3ccc(-c4nc(C(F)(F)F)cn4C)cc3)c2n1,True,,YDVAVSAAGNGKTO
YOJVKROYECGCNB-UHFFFAOYSA-N,CCn1cc(C(F)(F)F)nc1-c1ccc(Cn2nc(S(C)(=O)=O)c3cnc(-c4c(OC)ncnc4C4CC4)nc32)cc1,True,,YOJVKROYECGCNB
YROXQLMFLZLFRV-UHFFFAOYSA-N,COc1ncnc(C2CC2)c1-c1ncc2cnn(Cc3ccc(-c4nc(C(F)(F)F)c(OC)n4C)cc3)c2n1,True,,YROXQLMFLZLFRV
ZAHGXUZWZXPOLW-UHFFFAOYSA-N,CN(C)c1ncnc(C2CC2)c1-c1ncc2cnn(Cc3ccc(-c4nc(C(F)(F)F)cn4C)cc3)c2n1,True,,ZAHGXUZWZXPOLW
ZGOBVMFTTKXJGK-UHFFFAOYSA-N,COc1ncnc(C2(C)CC2)c1-c1ncc2cnn(Cc3ccc(-c4nc(C(F)(F)F)cn4C(C)C)cc3)c2n1,True,,ZGOBVMFTTKXJGK
ZIQLQTAVGFLNBR-UHFFFAOYSA-N,COc1ncnc(C2CC2)c1-c1ncc2ncn(Cc3ccc(-n4nc(C(F)(F)F)cc4C)cc3)c2n1,True,,ZIQLQTAVGFLNBR
ZKKCSLDOCXQBJB-UHFFFAOYSA-N,COc1ncnc(C2CC2)c1-c1ncc2cnn(Cc3ccc(-c4nc(C(F)(F)F)c[nH]4)cc3)c2n1,True,,ZKKCSLDOCXQBJB
ZNSUXULMESNWOK-UHFFFAOYSA-N,CCn1cc(C(F)(F)F)nc1-c1ccc(Cn2ncc3cnc(-c4c(OC)ncnc4OC)nc32)cc1,True,,ZNSUXULMESNWOK
ZOKIGMWHARWZIU-UHFFFAOYSA-N,CCn1cc(C(F)(F)F)nc1-c1ccc(Cn2nc(OC3CCC3)c3cnc(-c4c(OC)ncnc4C4CC4)nc32)cc1,True,,ZOKIGMWHARWZIU
ZOQAMLDXSFHSOW-UHFFFAOYSA-N,COc1ncnc(C2CC2)c1-c1ncc2cnn(Cc3ccc(-c4nc(CO)cn4C(C)C)cc3)c2n1,True,,ZOQAMLDXSFHSOW
ZUDCVBCADFZOAM-UHFFFAOYSA-N,CCOc1cc(CF)nn1-c1ccc(Cn2ncc3cnc(-c4c(OC)ncnc4C4CC4)nc32)cc1,True,,ZUDCVBCADFZOAM
ZWGIKJBJTACRHR-UHFFFAOYSA-N,COc1ncnc(C2(C)CC2)c1-c1ncc2cnn(Cc3ccc(-c4nc(C(F)(F)F)cn4C)cc3)c2n1,True,,ZWGIKJBJTACRHR
ZWHWFWZAQZQOFT-UHFFFAOYSA-N,COc1ncnc(C2(C)CC2)c1-c1ncc2cnn(Cc3ccc(-n4nc(C(F)(F)F)cc4OC)cc3)c2n1,True,,ZWHWFWZAQZQOFT
